OBJECTID_1,OBJECTID,PARKID,PARKNAME,OWNERNAME,OWNCODE,OWNERTYPE,SHAPE_AREA,SHAPE_LEN
0,350,350,PACIFIC BEACH PARK,CITY OF SAN DIEGO,10,City,637382.61633899994,7163.77456166000
0,351,351,PACIFIC STREET LINEAR PARK,CITY OF OCEANSIDE,10,City,7957.86850349000,394.61342824300
0,352,352,PACIFIC STREET LINEAR PARK,CITY OF OCEANSIDE,10,City,25944.52679550000,647.36604178300
0,353,353,PALISADES PARK,CITY OF OCEANSIDE,10,City,280088.56999799999,2196.21389563000
0,354,354,PALM RIDGE PARK,CITY OF SAN DIEGO,10,City,355082.06221000000,2335.13385376000
0,356,356,PANTOJA PARK,CITY OF SAN DIEGO,10,City,93577.09701400000,1228.30589233000
0,357,357,PARADISE HILLS COMMUNITY PARK,CITY OF SAN DIEGO,10,City,567426.72853199998,3106.49455351000
0,0,0,LAKE MORENA PARK,CITY OF SAN DIEGO,10,City,2387352.08038000017,8539.02442238000
0,0,0,MCGINTY MOUNTAIN PARK,COUNTY OF SAN DIEGO,20,County,44838.12408500000,877.41126023000
0,360,360,ZONE 5 PARK,CITY OF CARLSBAD,10,City,536014.54280099995,3851.69341672000
0,362,362,VISTA PACIFICA,CITY OF SAN DIEGO,10,City,299295.62235600001,2334.36934793000
0,364,364,AVIARA COMMUNITY PARK,CITY OF CARLSBAD,10,City,1054665.83015999990,5370.98521240000
0,365,365,PARK DE LA CRUZ,CITY OF SAN DIEGO,10,City,482053.75001999998,4293.98899525000
0,366,366,PARKSIDE PARK,CITY OF SAN DIEGO,10,City,239458.34279000000,2337.26336978000
0,371,371,POINT LOMA COMMUNITY PARK,CITY OF SAN DIEGO,10,City,464001.36314099998,3677.67715640000
0,376,376,POWERHOUSE PARK,CITY OF DEL MAR,10,City,198848.89324899999,2782.86170335000
0,378,378,PRESIDIO PARK,CITY OF SAN DIEGO,10,City,800813.49753099994,5449.94669443000
0,379,379,PRINCESS DEL CERRO PARK,CITY OF SAN DIEGO,10,City,237466.08621199999,2025.74640502000
0,380,380,RAINTREE PARK,CITY OF VISTA,10,City,42071.12329190000,1170.59313949000
0,381,381,RANCHO BERNARDO COMMUNITY PARK,CITY OF SAN DIEGO,10,City,1906199.48466000007,5699.02573808000
0,382,382,RANCHO DEL ORO COMMUNITY PARK,CITY OF OCEANSIDE,10,City,174626.14522000001,2233.77355428000
0,325,325,NOBEL ATHLETIC AREA,CITY OF SAN DIEGO,10,City,1428547.36112000002,5702.63780908000
0,327,327,NORTH CLAIREMONT COMMUNITY PARK,CITY OF SAN DIEGO,10,City,631503.18870499998,3613.34406589000
0,329,329,MISSION BAY ATHLETIC AREA,CITY OF SAN DIEGO,10,City,465554.66720700002,2808.68025032000
0,330,330,NORTHMONT PARK,CITY OF LA MESA,10,City,163873.61588800000,1935.86013034000
0,331,331,OAK PARK,CITY OF SAN DIEGO,10,City,151963.68353499999,1560.04494290000
0,332,332,OAK RIPARIAN PARK,CITY OF OCEANSIDE,10,City,281343.81259500002,2329.43560165000
0,334,334,OCEAN BEACH ATHLETIC AREA (ROBB FLD),CITY OF SAN DIEGO,10,City,2957214.57164999982,8976.48559563000
0,335,335,OCEAN BEACH COMMUNITY PARK,CITY OF SAN DIEGO,10,City,36779.89537110000,797.19409812200
0,336,336,OCEAN BEACH COMMUNITY PARK,CITY OF SAN DIEGO,10,City,16696.68215470000,517.02602897900
0,341,341,OLD TROLLEY BARN PARK,CITY OF SAN DIEGO,10,City,156123.17019500001,1897.57322381000
0,342,342,OLIVE GROVE COMMUNITY PARK,CITY OF SAN DIEGO,10,City,399497.03424100002,2516.05530618000
0,345,345,"ORTEGA, RON RECREATION PARK",CITY OF OCEANSIDE,10,City,509956.78120099998,2896.95013774000
0,347,347,OUTFIELD PARK,CITY OF SAN DIEGO,10,City,64064.75633550000,1431.27172988000
0,348,348,PACIFIC BEACH COMMUNITY PARK,CITY OF SAN DIEGO,10,City,72411.31579440000,1078.66883316000
0,349,349,PACIFIC BEACH PARK,CITY OF SAN DIEGO,10,City,313063.64435700001,4292.18743565000
0,435,435,STAGECOACH PARK,CITY OF CARLSBAD,10,City,1240567.74659999995,5097.17936929000
0,436,436,STANDLEY COMMUNITY PARK,CITY OF SAN DIEGO,10,City,314391.36498800002,2461.18150202000
0,437,437,STARKEY MINI-PARK,CITY OF SAN DIEGO,10,City,50872.67886020000,959.33910426500
0,441,441,SUNNYSLOPE PARK,CITY OF SAN DIEGO,10,City,184462.55467400001,1782.91064334000
0,4,4,OCEAN VIEW HILLS PARK,CITY OF SAN DIEGO,10,City,236960.51712800001,2078.53443742000
0,5,5,,CITY OF CHULA VISTA,10,City,142182.19578800001,2384.09889625000
0,9,9,,CITY OF SAN DIEGO,10,City,6517.01586881000,364.00736225100
0,10,10,CLAY AVENUE MINI-PARK,CITY OF SAN DIEGO,10,City,7158.53606712000,381.00413881000
0,11,11,L STREET MINI-PARK,CITY OF SAN DIEGO,10,City,6588.14081123000,374.37315994100
0,12,12,GASLAMP SQUARE PARK,CITY OF SAN DIEGO,10,City,16010.71697090000,580.46436638800
0,13,13,MARINA LINEAR PARK,CITY OF SAN DIEGO,10,City,48023.17704710000,1513.84983602000
0,14,14,MARINA LINEAR PARK,CITY OF SAN DIEGO,10,City,24615.50899510000,1388.13148194000
0,15,15,J STREET MINI PARK,CITY OF SAN DIEGO,10,City,9572.47645278000,402.02917074200
0,16,16,CHILDREN'S PARK,CITY OF SAN DIEGO,10,City,70411.96545790001,1108.83227924000
0,17,17,,CITY OF SAN DIEGO,10,City,8191.95295193000,491.07079798100
0,18,18,SHERMAN LITTLE PARK,CITY OF SAN DIEGO,10,City,5096.48948577000,303.54121963000
0,19,19,30TH STREET MINI PARK,CITY OF SAN DIEGO,10,City,9909.76046097000,501.27939029800
0,20,20,KING PROMENADE,CITY OF SAN DIEGO,10,City,22597.38210740000,1332.23138362000
0,21,21,,CITY OF SAN DIEGO,10,City,14248.54881050000,629.60643459000
0,22,22,,CITY OF SAN DIEGO,10,City,17784.10195500000,656.71654684300
0,24,24,AMICI PARK,CITY OF SAN DIEGO,10,City,66473.98407850000,1439.61281065000
0,25,25,SUNSHINE BERARDINI FIELD,CITY OF SAN DIEGO,10,City,988010.88985200005,5521.51326022000
0,27,27,CITY HEIGHTS MINI-PARK,CITY OF SAN DIEGO,10,City,14055.30716710000,481.94735061100
0,29,29,,CITY OF SAN DIEGO,10,City,2748.45465064000,288.10730541900
0,30,30,EAST SAN DIEGO ADULT CENTER,CITY OF SAN DIEGO,10,City,10033.03305830000,405.33159813100
0,31,31,,CITY OF SAN DIEGO,10,City,365251.84767300001,6806.93233116000
0,34,34,SEFTON FIELD,CITY OF SAN DIEGO,10,City,385186.38215700001,2860.23029778000
0,36,36,,CITY OF SAN DIEGO,10,City,6542.24154361000,387.05240259000
0,37,37,,CITY OF SAN DIEGO,10,City,18277.73397250000,599.31964093100
0,38,38,,CITY OF SAN DIEGO,10,City,1849717.82279999997,5836.89525270000
0,43,43,LAUREATE MINI-PARK,CITY OF SAN DIEGO,10,City,21020.37332270000,612.59283403000
0,45,45,MIRA MESA COMMUNITY PARK,CITY OF SAN DIEGO,10,City,485080.96920100000,2742.91060619000
0,46,46,SAGE CANYON PARK,CITY OF SAN DIEGO,10,City,504121.84656699997,3608.90915964000
0,47,47,,CITY OF SAN DIEGO,10,City,63485.61003540000,1124.21273437000
0,48,48,CARMEL KNOLLS PARK,CITY OF SAN DIEGO,10,City,237935.23536500000,2060.51583501000
0,54,54,,CITY OF SAN DIEGO,10,City,217355.78863800000,2309.93095150000
0,55,55,,CITY OF SAN DIEGO,10,City,29602.18325510000,1074.22058574000
0,62,62,,CITY OF SAN MARCOS,10,City,14675.89460440000,526.40023522900
0,65,65,,CITY OF OCEANSIDE,10,City,249113.52613200000,2522.89566763000
0,66,66,,CITY OF OCEANSIDE,10,City,1778067.59208999993,16428.03763390000
0,67,67,,CITY OF OCEANSIDE,10,City,419890.88116400002,3017.10226043000
0,68,68,,CITY OF OCEANSIDE,10,City,1274361.38550999993,5158.28346330000
0,69,69,WARD CANYON PARK,CITY OF SAN DIEGO,10,City,189617.14022900001,2095.95564048000
0,70,70,ADAMS AVENUE PARK,CITY OF SAN DIEGO,10,City,63666.13225020000,1004.24835308000
0,71,71,ADOBE BLUFFS PARK,CITY OF SAN DIEGO,10,City,224643.88378300000,2082.49699219000
0,72,72,ADOBE RIDGE NEIGHBORHOOD PARK,CITY OF POWAY,10,City,157976.48532499999,2851.30554323000
0,73,73,ALAMOSA PARK,CITY OF OCEANSIDE,10,City,301374.76570300001,2342.86772059000
0,383,383,RANCHO DEL ORO COMMUNITY PARK,CITY OF OCEANSIDE,10,City,446592.55311199999,3675.18288471000
0,384,384,RANCHO DEL REY PARK,CITY OF CHULA VISTA,10,City,154975.46854800000,2790.73221751000
0,385,385,RANCHO MISSION CANYON PARK,CITY OF SAN DIEGO,10,City,765632.75490700000,3819.09827960000
0,386,386,REAMA PARK,CITY OF IMPERIAL BEACH,10,City,14678.33527510000,496.18807026000
0,387,387,REAMA PARK,CITY OF IMPERIAL BEACH,10,City,13675.54311270000,483.06425583600
0,389,389,RIDGEWOOD PARK,CITY OF SAN DIEGO,10,City,363025.37628400000,2682.85250255000
0,390,390,ROADRUNNER PARK,CITY OF SAN DIEGO,10,City,136602.96985500000,1489.31464722000
0,394,394,ROLANDO PARK,CITY OF LA MESA,10,City,159236.05926499999,1652.39134764000
0,395,395,ROLLING HILLS PARK,CITY OF SAN DIEGO,10,City,249697.92257200001,2272.26612430000
0,397,397,ROTARY PARK,CITY OF OCEANSIDE,10,City,56038.35060960000,1060.56357468000
0,398,398,ROTARY PARK,CITY OF OCEANSIDE,10,City,855.25315293100,205.75970451700
0,399,399,ROTARY PARK,CITY OF OCEANSIDE,10,City,43020.04258370000,884.96097094600
0,400,400,SABRE SPRINGS PARK,CITY OF SAN DIEGO,10,City,511034.67467699997,3649.15176364000
0,401,401,SAN CARLOS COMMUNITY PARK,CITY OF SAN DIEGO,10,City,426357.11925699998,2650.45442001000
0,405,405,SAN YSIDRO ATHLETIC AREA,CITY OF SAN DIEGO,10,City,760794.65431100002,3645.82866099000
0,406,406,SAN YSIDRO COMMUNITY ACTIVITY CENTER,CITY OF SAN DIEGO,10,City,77366.64228760000,1324.32500625000
0,407,407,SAN YSIDRO COMMUNITY PARK,CITY OF SAN DIEGO,10,City,63143.98755390000,1579.80752364000
0,408,408,SAN YSIDRO COMMUNITY PARK,CITY OF SAN DIEGO,10,City,45998.24329410000,1206.16119933000
0,409,409,SAN YSIDRO COMMUNITY PARK,CITY OF SAN DIEGO,10,City,21787.03828150000,660.36668587700
0,410,410,SANDBURG PARK,CITY OF SAN DIEGO,10,City,208545.45432399999,1875.29358975000
0,411,411,SANTA CLARA POINT COMMUNITY PARK,CITY OF SAN DIEGO,10,City,834504.42527500005,18293.51617470000
0,412,412,SANTA CORA PARK,CITY OF CHULA VISTA,10,City,246732.56209600001,2031.43295226000
0,414,414,SCRIPPS RANCH COMMUNITY PARK,CITY OF SAN DIEGO,10,City,967699.92137600004,5201.53083630000
0,415,415,SEAGROVE PARK,CITY OF DEL MAR,10,City,69996.73715330000,1316.79153298000
0,416,416,SERRA MESA COMMUNITY PARK,CITY OF SAN DIEGO,10,City,465408.60800700000,3048.19712023000
0,418,418,SHADOW HILL PARK,CITY OF SANTEE,10,City,257083.45807699999,2022.15476761000
0,419,419,SHADOWRIDGE PARK,CITY OF VISTA,10,City,325370.64407099999,3694.08280614000
0,420,420,SHELL BEACH,CITY OF SAN DIEGO,10,City,303760.58950800000,2839.42659782000
0,422,422,SILVERSET NEIGHBORHOOD  PARK,CITY OF POWAY,10,City,478702.07972699997,2893.57065120000
0,424,424,SKYLINE HILLS COMMUNITY PARK,CITY OF SAN DIEGO,10,City,443719.59147699998,2725.46136858000
0,425,425,SKYVIEW PARK,CITY OF SAN DIEGO,10,City,165405.94252200000,1759.75661418000
0,426,426,SOLANA HIGHLANDS PARK,CITY OF SAN DIEGO,10,City,526177.54097500001,5862.08380408000
0,427,427,SOUTH BAY COMMUNITY PARK,CITY OF SAN DIEGO,10,City,386631.36890399997,2479.60085378000
0,428,428,SOUTH CREEK PARK,CITY OF SAN DIEGO,10,City,201695.79857799999,2242.09948267000
0,429,429,SOUTHCREST COMMUNITY PARK,CITY OF SAN DIEGO,10,City,759664.41650299996,4329.93640930000
0,431,431,SPRECKELS PARK,CITY OF CORONADO,10,City,150199.20810900000,1607.03041182000
0,432,432,SPRECKELS PARK,CITY OF CORONADO,10,City,122897.89175600000,1809.47482608000
0,434,434,SPRING CREEK PARK,CITY OF OCEANSIDE,10,City,116826.14548399999,1486.53303327000
0,662,662,NORTH SEASCAPE SURF BEACH PARK,CITY OF SOLANA BEACH,10,City,239587.09698500001,6909.54264191000
0,663,663,OAK CREST PARK,PRIVATE,500,Private,94653.37061120001,1286.90277065000
0,664,664,ORCHARD PARK,PRIVATE,500,Private,36843.98140450000,763.20371616400
0,665,665,ALCALA PARK,PRIVATE,500,Private,37045.33733590000,752.40273856600
0,666,666,PARK,HUNTER INDUSTRIES,500,Private,927134.02864000003,5807.97303241000
0,667,667,BALLFIELDS,PRIVATE,500,Private,273437.62085399998,2646.96548656000
0,670,670,SCRIPPS ELLEN BROWNING PARK,PRIVATE,500,Private,157.09869558200,125.55223615700
0,671,671,SCRIPPS ELLEN BROWNING PARK,PRIVATE,500,Private,72.74557649260,67.91809916370
0,672,672,SCRIPPS ELLEN BROWNING PARK,PRIVATE,500,Private,89.96822896900,139.86345549900
0,673,673,SCRIPPS ELLEN BROWNING PARK,PRIVATE,500,Private,66.24241593710,112.62935581000
0,674,674,SCRIPPS ELLEN BROWNING PARK,PRIVATE,500,Private,28.83655535340,40.56321047710
0,676,676,STAGECOACH PARK,PRIVATE,500,Private,302595.84898600000,2397.37767226000
0,677,677,SUNSET VIEW PARK,CITY OF CHULA VISTA,10,City,512792.35122499999,2921.09127383000
0,678,678,WIPEOUT BEACH,PRIVATE,500,Private,2593.68361612000,3043.16917026000
0,680,680,TIDE BEACH PARK,CITY OF SOLANA BEACH,10,City,123298.06247600001,2419.32720321000
0,833,683,"HARRIS, ADA PARK",HARRIS SCHOOL,500,Private,136008.36554400000,1523.96265723000
0,834,684,,CITY OF SAN DIEGO,10,City,6584.51279510000,446.89077050900
0,835,685,,PRIVATE,500,Private,308657.04398399999,2453.32585515000
0,837,687,CAMINO RUIZ PARK,LOS PENASQUITOS REGIONAL PARK,10,City,484506.27322799998,4768.99102844000
0,840,690,,CITY OF SAN DIEGO,10,City,325517.19431200001,2391.02069753000
0,841,691,,MOUNT HELIX NATURE THEATRE,500,Private,421.35012980200,283.11772708600
0,842,692,,PRIVATE,500,Private,88973.55672790000,1603.01828495000
0,843,693,,CITY OF SAN DIEGO,10,City,72653.67578690000,1831.25575521000
0,844,694,,CITY OF SAN DIEGO,10,City,51795.21519970000,2762.54629417000
0,846,696,,ARMY & NAVY ACADEMY HIGH SCHOOL,500,Private,121388.64379000000,1471.58373481000
0,848,698,,CITY OF SAN DIEGO,10,City,112520.06467500000,1342.01471649000
0,849,699,CIVIC CENTER PARK,CITY OF LEMON GROVE,10,City,72768.54070660000,1323.47080443000
0,850,700,,CITY OF EL CAJON,10,City,6386.59015496000,391.92270114900
0,855,705,,ARMY & NAVY ACADEMY HIGH SCHOOL,500,Private,33571.76950330000,771.32080706500
0,858,708,,ARMY & NAVY ACADEMY HIGH SCHOOL,500,Private,39352.33843660000,824.56145692400
0,859,709,,CITY OF OCEANSIDE,10,City,12204.21535520000,585.75218135000
0,860,710,,GROSSMONT HIGH SCHOOL,25,School Districts,19552.14663150000,669.17920870800
0,861,711,,CITY OF CHULA VISTA,10,City,9200.79278372000,726.97122068700
0,74,74,D.V. ALLEN PARK,CITY OF SAN DIEGO,10,City,245119.88365199999,2392.69780619000
0,75,75,ALLIED GARDENS COMMUNITY PARK,CITY OF SAN DIEGO,10,City,165898.86734000000,1599.30722889000
0,76,76,ALLIED GARDENS COMMUNITY PARK,CITY OF SAN DIEGO,10,City,435149.30791700003,2936.44674186000
0,78,78,ASHLEY FALLS PARK,CITY OF SAN DIEGO,10,City,507567.74926999997,3927.45064916000
0,79,79,AZALEA PARK,CITY OF SAN DIEGO,10,City,396964.66411600000,4580.39135707000
0,82,82,AZTEC PARK,CITY OF LA MESA,10,City,169278.96711200001,1770.09499472000
0,83,83,BALBOA PARK,CITY OF SAN DIEGO,10,City,3989.81437783000,342.91834387900
0,84,84,BALBOA PARK,CITY OF SAN DIEGO,10,City,258910.29574500001,2408.43147315000
0,85,85,BALBOA PARK,CITY OF SAN DIEGO,10,City,233739.83972600001,2582.21554893000
0,87,87,BALBOA PARK,CITY OF SAN DIEGO,10,City,300012.69546299998,3490.69065697000
0,88,88,BALBOA PARK,CITY OF SAN DIEGO,10,City,223414.92471299999,2030.88714482000
0,90,90,BALBOA PARK,CITY OF SAN DIEGO,10,City,188691.58272300000,1754.38103088000
0,91,91,BALBOA PARK,CITY OF SAN DIEGO,10,City,25119.92771570000,975.12379329500
0,92,92,BALBOA PARK,CITY OF SAN DIEGO,10,City,459403.91198500001,4237.77251139000
0,93,93,BALBOA PARK,CITY OF SAN DIEGO,10,City,1263740.37611999991,5377.46625282000
0,95,95,BALBOA PARK,CITY OF SAN DIEGO,10,City,226306.48538599999,2514.26737709000
0,96,96,BALBOA PARK,CITY OF SAN DIEGO,10,City,255911.31743500000,3962.39685399000
0,97,97,BALBOA PARK,CITY OF SAN DIEGO,10,City,347924.55668400001,3173.61027877000
0,98,98,BALBOA PARK,CITY OF SAN DIEGO,10,City,147686.01441000000,1654.42734489000
0,99,99,BALBOA PARK,CITY OF SAN DIEGO,10,City,146422.94649100001,2203.47082508000
0,100,100,BALBOA PARK,CITY OF SAN DIEGO,10,City,22877.70651190000,802.99447376700
0,101,101,BALBOA PARK,CITY OF SAN DIEGO,10,City,1205598.09727000003,7281.79544727000
0,102,102,BALDERAMA PARK,CITY OF OCEANSIDE,10,City,164478.14748000001,1810.45245403000
0,104,104,BAY CIRCLE PARK,CITY OF CORONADO,10,City,11749.90424900000,385.25512003800
0,105,105,BAY TERRACES COMMUNITY PARK,CITY OF SAN DIEGO,10,City,524344.71921200003,3035.19178518000
0,106,106,BERRY STREET PARK,CITY OF LEMON GROVE,10,City,261043.18981200000,2334.30792499000
0,107,107,BIG ROCK PARK,CITY OF SANTEE,10,City,211172.71151400000,1956.61170575000
0,108,108,BILL BECK PARK,CITY OF EL CAJON,10,City,29520.42709810000,796.44115740700
0,109,109,BIRD PARK,CITY OF SAN DIEGO,10,City,317872.26540099998,2782.06273360000
0,111,111,"BISHOP, MELBA PARK",CITY OF OCEANSIDE,10,City,800308.46959999995,3890.47142910000
0,656,656,"KING, MARTIN LUTHER JR PROMENADE",ATCHISO TOPEKA & SANTA FE RAILROAD,500,Private,56224.07540100000,2865.05322610000
0,657,657,MACKENZIE CREEK PARK,CITY OF CHULA VISTA,10,City,298466.31623900001,2442.47887053000
0,658,658,MARINE STREET BEACH,CITY OF SAN DIEGO,10,City,21421.82344810000,857.19525073600
0,659,659,MARINE STREET BEACH,PRIVATE,500,Private,13266.01195180000,1098.55856349000
0,660,660,MOUNT HELIX PARK,MOUNT HELIX NATURE THEATER,500,Private,147304.43678100000,1448.28397768000
0,661,661,MULBERRY PARK,CITY OF SAN MARCOS,10,City,168418.47909099999,2142.40975950000
0,116,116,BRADLEY PARK,CITY OF SAN MARCOS,10,City,1491642.78102999995,4911.76594890000
0,117,117,BREEZE HILL PARK,CITY OF VISTA,10,City,204267.41717000000,1963.37485988000
0,118,118,BRENGLE TERRACE PARK,CITY OF VISTA,10,City,3384624.16709000012,8159.47493230000
0,119,119,PINE PARK,CITY OF CARLSBAD,10,City,309473.73402099998,2503.12743231000
0,121,121,BUCCANEER BEACH PARK,CITY OF OCEANSIDE,10,City,101200.57932800001,1300.18166238000
0,122,122,BUENA VISTA PARK,CITY OF VISTA,10,City,421954.46938299999,5889.53408183000
0,123,123,BUENA VISTA PARK,CITY OF VISTA,10,City,1081008.99414999993,9108.41339859000
0,124,124,CABRILLO HEIGHTS PARK,CITY OF SAN DIEGO,10,City,604818.06997399998,4368.78326452000
0,125,125,CADMAN COMMUNITY PARK,CITY OF SAN DIEGO,10,City,364034.74298699998,3353.77441693000
0,127,127,CALUMET PARK,CITY OF SAN DIEGO,10,City,31644.73961410000,815.27873841100
0,128,128,CAPISTRANO PARK,CITY OF OCEANSIDE,10,City,523587.20960200002,4174.52527037000
0,130,130,CARMEL CREEK PARK,CITY OF SAN DIEGO,10,City,500485.12796299998,3436.48179538000
0,131,131,CARMEL DEL MAR PARK,CITY OF SAN DIEGO,10,City,526282.86234100000,4698.57431278000
0,132,132,CARMEL DEL MAR PARK,CITY OF SAN DIEGO,10,City,22022.73945100000,634.53824334500
0,133,133,CARMEL MISSION PARK,CITY OF SAN DIEGO,10,City,127583.76938699999,1589.83331765000
0,134,134,CARMEL MISSION PARK,CITY OF SAN DIEGO,10,City,60737.47168010000,1016.62359753000
0,135,135,CARMEL MOUNTAIN RANCH COMMUNITY PARK,CITY OF SAN DIEGO,10,City,803496.62475399999,3653.30698416000
0,142,142,CHICANO PARK,CITY OF SAN DIEGO,10,City,15513.84229280000,496.97402300000
0,143,143,CHOLLAS COMMUNITY PARK,CITY OF SAN DIEGO,10,City,1896144.51263000001,9598.38507346000
0,145,145,CITY HEIGHTS COMMUNITY PARK,CITY OF SAN DIEGO,10,City,429101.53515800001,3002.91648726000
0,147,147,CIVIC CENTER PARK,CITY OF VISTA,10,City,260190.08469100000,3314.07887559000
0,148,148,CLAIREMONT COMMUNITY PARK,CITY OF SAN DIEGO,10,City,425929.73750599998,2827.32156141000
0,149,149,CLAY PARK,CITY OF SAN DIEGO,10,City,223640.96824700001,2079.89136387000
0,151,151,CLIFFRIDGE PARK,CITY OF SAN DIEGO,10,City,261199.43370400000,2388.36673713000
0,152,152,COLINA DEL SOL COMMUNITY PARK,CITY OF SAN DIEGO,10,City,77388.86713070000,1231.63068275000
0,154,154,COLLIER PARK,CITY OF LA MESA,10,City,275648.72220700001,2329.83801552000
0,155,155,COLLIER PARK WEST,CITY OF SAN DIEGO,10,City,233849.58425700001,2960.30401728000
0,967,817,CARMEL GROVE PARK,CITY OF SAN DIEGO,10,City,131550.79336000001,1497.00849818000
0,157,157,CORONADO CAYS SPORTS PARK,CITY OF CORONADO,10,City,393783.38659600000,3045.19322236000
0,866,716,,PRIVATE,500,Private,3263.98544385000,233.77581451300
0,868,718,Kumeyaay Ipai Interpretive Center,CITY OF POWAY,10,City,216026.05543499999,2500.56628099000
0,871,721,,GROSSMONT HIGH SCHOOL,25,School Districts,56712.84639780000,973.96184468300
0,872,722,,ARMY & NAVY ACADEMY HIGH SCHOOL,500,Private,15211.33112020000,530.64515548500
0,874,724,HILLSBOROUGH PARK,PRIVATE,500,Private,30579.92665650000,685.02549971000
0,881,731,MULBERRY PARK,PRIVATE,500,Private,37426.88821360000,759.95936371800
0,882,732,,PRIVATE,500,Private,3368.87788648000,245.03083329400
0,883,733,SIENNA PARK,PRIVATE,500,Private,29133.65496700000,721.60130122600
0,884,734,GROVE PARK,CITY OF ESCONDIDO,10,City,197848.40096999999,1886.11207991000
0,886,736,BREEN PARK,CITY OF SAN DIEGO,10,City,430220.38443500001,2656.57639001000
0,887,737,,CITY OF SAN DIEGO,10,City,14864.95594880000,696.12401728600
0,889,739,,PRIVATE,500,Private,6718.25490060000,372.02019960300
0,891,741,,PRIVATE,500,Private,3743.85874400000,249.79592253900
0,893,743,,CITY OF SAN DIEGO,10,City,53199.28264980000,926.44662195700
0,895,745,,PRIVATE,500,Private,5748.83881063000,403.29040371100
0,896,746,,PRIVATE,500,Private,6667.23920430000,371.48972989200
0,901,751,,CA DEPT OF FORESTRY AND FIRE PROTECTION,30,State,15967.94536930000,628.59925509400
0,903,753,,PRIVATE,500,Private,3100.50721817000,225.39023120500
0,904,754,,CITY OF SAN DIEGO,10,City,11387.09541830000,416.40436751900
0,905,755,,CITY OF EL CAJON,10,City,222318.24368499999,2621.14094984000
0,909,759,,MOUNT HELIX NATURE THEATRE,500,Private,3039.60572888000,382.47531439400
0,913,763,WINDINGWALK PARK,CITY OF CHULA VISTA,10,City,411171.29092399997,2636.97719189000
0,915,765,SALT CREEK PARK,CITY OF CHULA VISTA,10,City,1012734.70470999996,6575.49522804000
0,919,769,BAY VIEW PARK,CITY OF CORONADO,10,City,9091.50838928000,381.05300975500
0,921,771,,CITY OF SOLANA BEACH,10,City,343.68482457300,373.81304496700
0,922,772,,CITY OF SOLANA BEACH,10,City,34128.58999930000,1598.34843946000
0,924,774,,STATE OF CALIFORNIA,30,State,17615.12126710000,650.46027471000
0,925,775,,PRIVATE,500,Private,41208.64416450000,926.18912855000
0,926,776,FLINN SPRINGS PARK,COUNTY OF SAN DIEGO,20,County,1741978.74240999995,5690.39416581000
0,928,778,MOUNTAIN HAWK PARK,CITY OF CHULA VISTA,10,City,560305.56900000002,3592.97467817000
0,930,780,WINDINGWALK PARK,CITY OF CHULA VISTA,10,City,174683.35286300001,1865.85093545000
0,931,781,MONTEVALLE PARK,CITY OF CHULA VISTA,10,City,1330878.00343000004,6129.63123503000
0,932,782,,CITY OF SAN DIEGO,10,City,3492.62000771000,537.55795744800
0,933,783,,PRIVATE,500,Private,46278.73888520000,1027.88129277000
0,934,784,,PRIVATE,500,Private,45006.93891370000,926.58122892500
0,938,788,,CITY OF OCEANSIDE,10,City,740043.68312900001,4480.78309100000
0,939,789,,CITY OF OCEANSIDE,10,City,77200.79050950000,1258.61594500000
0,940,790,,CITY OF OCEANSIDE,10,City,131874.10964700000,1534.86507662000
0,941,791,,PRIVATE,500,Private,4368.02776150000,291.01632088200
0,942,792,HOLLANDIA PARK,CITY OF SAN MARCOS,10,City,1296194.34272999992,8826.86025832000
0,943,793,BEL ESPRIT PARK,CITY OF SAN MARCOS,10,City,88362.66549600000,2809.05809096000
0,944,794,,PRIVATE,500,Private,18508.57066750000,1089.58873114000
0,945,795,,CITY OF SAN MARCOS,10,City,184771.81378000000,1856.32365458000
0,948,798,,PRIVATE,500,Private,247671.25563000000,2391.06490762000
0,952,802,,PRIVATE,500,Private,67211.31029890000,999.09010220500
0,959,809,AUBREY PARK,POWAY,10,City,360860.19463099999,2733.88744765000
0,960,810,BRIERCREST PARK,CITY OF LA MESA,10,City,151425.27228999999,2011.15350785000
0,961,811,,PRIVATE,500,Private,18302.61462290000,869.89064120100
0,962,812,VETERANS PARK,CITY OF CHULA VISTA,10,City,436587.32442899997,2744.35031829000
0,0,0,MCGINTY MOUNTAIN PARK,COUNTY OF SAN DIEGO,20,County,44838.12408500000,877.41126023000
0,963,813,HORIZON PARK,CITY OF CHULA VISTA,10,City,245049.15412399999,2030.98180758000
0,964,814,,PRIVATE,500,Private,34286.57111610000,771.84923210400
0,218,218,KELLY STREET PARK,CITY OF SAN DIEGO,10,City,740012.08062999998,4077.45580358000
0,219,219,JOHN F KENNEDY  PARK,CITY OF SAN DIEGO,10,City,180428.21928100000,1804.06183672000
0,222,222,MARTIN LUTHER KING COMMUNITY PARK,CITY OF SAN DIEGO,10,City,1505686.67510000011,5253.99545514000
0,223,223,"KING, MARTIN LUTHER JR PARK",CITY OF OCEANSIDE,10,City,672934.97351299995,3831.74255650000
0,225,225,KUNKEL PARK,CITY OF LEMON GROVE,10,City,43449.83769320000,1117.55462017000
0,226,226,LA COLONIA PARK,CITY OF SOLANA BEACH,10,City,149627.59876299999,1686.46326024000
0,227,227,LA JOLLA ATHLETIC AREA,CITY OF SAN DIEGO,10,City,300719.35556800000,3185.99672545000
0,229,229,LA JOLLA HERMOSA PARK,CITY OF SAN DIEGO,10,City,16563.31928290000,735.03036066100
0,230,230,LA JOLLA SHORES BEACH,CITY OF SAN DIEGO,10,City,482108.86196700000,7893.42078695000
0,231,231,LA JOLLA SHORES BEACH,CITY OF SAN DIEGO,10,City,15427.73575490000,1833.66048016000
0,233,233,LA MESITA PARK,CITY OF LA MESA,10,City,443060.51799399999,3093.31752143000
0,234,234,LAGUNA RIVERA PARK,CITY OF CARLSBAD,10,City,182861.07599000001,2051.25461869000
0,235,235,LAKE MURRAY COMMUNITY PARK,CITY OF SAN DIEGO,10,City,151121.15661599999,1979.09272419000
0,236,236,LAKE MURRAY COMMUNITY PARK,CITY OF SAN DIEGO,10,City,1515778.25811000005,7224.47773980000
0,237,237,LAKE PARK,CITY OF OCEANSIDE,10,City,431731.01993900002,2735.14971962000
0,239,239,LAKEVIEW PARK,CITY OF SAN DIEGO,10,City,260604.57797400001,2362.00887148000
0,240,240,"LANDES, JOHN PARK",CITY OF OCEANSIDE,10,City,452692.50277399999,2688.75540134000
0,242,242,LAUDERBACH PARK,CITY OF CHULA VISTA,10,City,164576.77704099999,1816.17591775000
0,243,243,LEMON GROVE PARK,CITY OF LEMON GROVE,10,City,167927.86365799999,1780.38308220000
0,245,245,LIBBY LAKE PARK,CITY OF OCEANSIDE,10,City,767681.41145999997,5589.26604327000
0,246,246,LINDA VISTA COMMUNITY PARK,CITY OF SAN DIEGO,10,City,556652.53287600004,3406.37111587000
0,247,247,LINDA VISTA COMMUNITY PARK,CITY OF SAN DIEGO,10,City,137861.04607200000,1725.76265916000
0,248,248,LINDBERGH PARK,CITY OF SAN DIEGO,10,City,332790.60225699999,2459.81748327000
0,251,251,LOPEZ RIDGE PARK,CITY OF SAN DIEGO,10,City,369771.38300799998,2728.58185327000
0,253,253,CANYONSIDE COMMUNITY PARK,CITY OF SAN DIEGO,10,City,1404557.74646999990,5690.46680456000
0,254,254,MACARTHUR PARK,CITY OF LA MESA,10,City,989698.04022199998,5937.68957828000
0,255,255,MACDOWELL PARK,CITY OF SAN DIEGO,10,City,137672.18494400001,1588.58481559000
0,257,257,MADDOX PARK,CITY OF SAN DIEGO,10,City,210004.74871000001,1888.07543003000
0,258,258,MAGEE PARK,CITY OF CARLSBAD,10,City,89493.53380710000,1192.57619445000
0,158,158,CORONADO CAYS SPORTS PARK,CITY OF CORONADO,10,City,227761.88826899999,2387.84703206000
0,159,159,CORONADO MUNICIPAL BEACH,CITY OF CORONADO,10,City,3982132.84748000000,17598.26559430000
0,160,160,SUNSET PARK,CITY OF CORONADO,10,City,151249.69083199999,1718.43257554000
0,162,162,COTTONWOOD PARK,CITY OF CHULA VISTA,10,City,292270.05582700000,2337.98519760000
0,163,163,CYPRESS CANYON PARK,CITY OF SAN DIEGO,10,City,532555.82643500005,3139.31215048000
0,165,165,DEL MAR CITY BEACH,CITY OF DEL MAR,10,City,24428.85623920000,862.52364051900
0,166,166,DEL MAR CITY BEACH,CITY OF DEL MAR,10,City,23852.96384450000,813.62468124100
0,167,167,DEL MAR CITY BEACH,CITY OF DEL MAR,10,City,28896.52641250000,869.65710984100
0,168,168,DEL MAR CITY BEACH,CITY OF DEL MAR,10,City,8470.25333246000,480.45237500300
0,169,169,DEL MAR CITY BEACH,CITY OF DEL MAR,10,City,8560.22902322000,493.74699452000
0,172,172,DEL MAR SHORES BEACH PARK,CITY OF SOLANA BEACH,10,City,45291.62280300000,2033.10586753000
0,174,174,"DENE, JESMOND PARK",CITY OF ESCONDIDO,10,City,1449119.13458000007,6345.47301845000
0,176,176,DOYLE COMMUNITY PARK,CITY OF SAN DIEGO,10,City,1146839.05585999996,4668.99534880000
0,177,177,DUNES PARK,CITY OF IMPERIAL BEACH,10,City,194656.37623100000,4112.42459500000
0,178,178,DUSTY RHODES PARK,CITY OF SAN DIEGO,10,City,898407.08314300003,4352.91650072000
0,179,179,EAST CLAIREMONT ATHLETIC AREA,CITY OF SAN DIEGO,10,City,484473.97679400002,3264.54836139000
0,180,180,EL TOYON PARK,CITY OF NATIONAL CITY,10,City,515880.91552300000,4437.18906199000
0,181,181,EL TOYON PARK,CITY OF NATIONAL CITY,10,City,501717.19960300002,4812.32706032000
0,182,182,EMERALD HILLS PARK,CITY OF SAN DIEGO,10,City,409571.62979300000,4060.00662543000
0,183,183,ENCANTO COMMUNITY PARK,CITY OF SAN DIEGO,10,City,219036.18047900000,2068.98495302000
0,187,187,FIRESIDE PARK,CITY OF OCEANSIDE,10,City,151787.90201100000,1547.44672781000
0,188,188,FLETCHER COVE BEACH PARK,CITY OF SOLANA BEACH,10,City,43718.32465330000,875.23939971200
0,189,189,FLETCHER COVE BEACH PARK,CITY OF SOLANA BEACH,10,City,198166.69173200001,2521.75347669000
0,190,190,FLETCHER HILLS PARK,CITY OF EL CAJON,10,City,37447.69017770000,808.20268424200
0,191,191,FRIENDSHIP PARK,CITY OF CHULA VISTA,10,City,164864.84607900001,1730.75322349000
0,192,192,GERSHWIN PARK,CITY OF SAN DIEGO,10,City,234674.17444800001,2104.22243761000
0,194,194,GLORIETTA BAY PARK,CITY OF CORONADO,10,City,361890.40777400002,6515.02305998000
0,195,195,GOMPERS PARK,CITY OF SAN DIEGO,10,City,206226.98095100001,1927.52318003000
0,197,197,GRANTVILLE PARK,CITY OF SAN DIEGO,10,City,109517.83524700000,1487.14098048000
0,199,199,HARVEST PARK,CITY OF CHULA VISTA,10,City,317018.81932900002,2296.03652533000
0,200,200,WILLIE HENDERSON SPORTS COMPLEX,CITY OF SAN DIEGO,10,City,736620.13665600005,3918.78874497000
0,201,201,HERMOSA TERRACE PARK,CITY OF SAN DIEGO,10,City,120022.06964099999,3119.32216994000
0,202,202,HIGHLAND RANCH PARK,CITY OF SAN DIEGO,10,City,207451.15599400000,1961.39727862000
0,204,204,HILLTOP COMMUNITY PARK,CITY OF SAN DIEGO,10,City,540434.55609099998,2971.35752102000
0,208,208,HOLLYWOOD PARK,CITY OF SAN DIEGO,10,City,28387.11246800000,771.56483292600
0,209,209,HOWARD LANE PARK,CITY OF SAN DIEGO,10,City,294783.91119000001,2294.77332594000
0,213,213,JERABEK PARK,CITY OF SAN DIEGO,10,City,421772.08830599999,2979.38063394000
0,214,214,"JUDSON, C S PARK",CITY OF EL CAJON,10,City,11324.14397690000,438.33089349700
0,215,215,KEARNY MESA COMMUNITY PARK,CITY OF SAN DIEGO,10,City,1936862.14051999990,8905.48572075000
0,216,216,KEILLER PARK,CITY OF SAN DIEGO,10,City,247057.00894999999,2448.53028942000
0,217,217,KELLOGG PARK,CITY OF SAN DIEGO,10,City,349562.29934999999,3601.18272176000
0,316,316,MOUNT ETNA PARK,CITY OF SAN DIEGO,10,City,318926.67290700000,2866.93718079000
0,317,317,MOUNTAIN VIEW PARK,CITY OF SAN DIEGO,10,City,288411.68685100001,2344.90167732000
0,318,318,MOUNTAIN VIEW PARK,CITY OF SAN DIEGO,10,City,130158.16606000000,1792.47116010000
0,319,319,MOUNTAIN VIEW PARK,CITY OF SAN DIEGO,10,City,21517.88785340000,597.47488499400
0,320,320,MOUNTAIN VIEW PARK,CITY OF SAN DIEGO,10,City,9120.14331545000,482.31718315400
0,321,321,MOUNTAIN VIEW PARK,CITY OF ESCONDIDO,10,City,405631.45527799998,3177.62280602000
0,323,323,MURRAY RIDGE PARK,CITY OF SAN DIEGO,10,City,448719.25235199998,3153.34006102000
0,324,324,NESTOR PARK,CITY OF SAN DIEGO,10,City,217264.40730300001,2415.87713075000
0,0,0,VALLEY VIEW PARK,CITY OF SAN MARCOS,10,City,40437.07812760000,803.05304495100
0,0,0,REGENCY HILLS PARK,CITY OF SAN MARCOS,10,City,41463.58529830000,961.93676729200
0,0,0,FOOTHILLS PARK,CITY OF SAN MARCOS,10,City,48203.35873240000,856.43837262500
0,0,0,QUAIL HILLS PARK,CITY OF SAN MARCOS,10,City,55607.95173920000,955.56672181400
0,0,0,AMIGO PARK,CITY OF SAN MARCOS,10,City,32233.38940190000,727.85287330000
0,0,0,PEBBLESTONE PARK,CITY OF SAN MARCOS,10,City,33291.39109590000,1054.26383420000
0,0,0,SENIOR CENTER TOT LOT,CITY OF SAN MARCOS,10,City,10768.94952990000,415.96769607400
0,0,0,BUELOW PARK,CITY OF SAN MARCOS,10,City,82958.97320420000,3745.77065938000
0,0,0,SAN MARCOS SCHOOLHOUSE PARK,CITY OF SAN MARCOS,10,City,158051.59936800000,1786.40553402000
0,0,0,CIVIC CENTER RECREATION AREA,CITY OF SAN MARCOS,10,City,27002.46625480000,799.77963843800
0,0,0,MISSION SPORTS PARK,CITY OF SAN MARCOS,10,City,612232.84771400003,3808.66411941000
0,0,0,LAKEVIEW PARK,CITY OF SAN MARCOS,10,City,1438035.76386000006,7875.40044247000
0,0,0,DISCORVERY MEADOWS PARK,CITY OF SAN MARCOS,10,City,60571.41081480000,1611.67144684000
0,0,0,RIDGELINE TRAILHEAD,CITY OF SAN MARCOS,10,City,83438.18529690000,1166.23487787000
0,0,0,DOUBLE PEAK REGIONAL PARK,CITY OF SAN MARCOS,10,City,115146.35060700000,1352.16103532000
0,0,0,DOUBLE PEAK REGIONAL PARK,CITY OF SAN MARCOS,10,City,9127329.34136999957,29275.34973050000
0,0,0,QUESTHAVEN PARK,CITY OF SAN MARCOS,10,City,107788.83886200000,1514.32568433000
0,0,0,SAN ELIJO PARK,CITY OF SAN MARCOS,10,City,920706.07364700001,4435.19251376000
0,0,0,SIMMONS FAMILY PARK,CITY OF SAN MARCOS,10,City,256157.82305300000,2402.95407498000
0,0,0,LAURELS PARK,CITY OF SAN MARCOS,10,City,34235.19992210000,918.51263367000
0,0,0,MONTIEL PARK,CITY OF SAN MARCOS,10,City,433663.78613199998,3646.46096899000
0,0,0,WHITE ALDER PARK,CITY OF SAN MARCOS,10,City,17521.61538870000,635.28162668200
0,0,0,JACK'S POND PARK,CITY OF SAN MARCOS,10,City,961059.10057000001,7127.54900025000
0,0,0,ECKE SPORTS PARK,YMCA OF SAN DIEGO COUNTY,500,Private,914616.62378799997,4121.17333347000
0,666,666,PARK,THE CENTER FOR NATURAL LANDSCAPING,500,Private,188847.99182200001,1943.32847400000
0,0,0,GARDEN ROAD NEIGHBORHOOD PARK,CITY OF POWAY,10,City,211830.83982100000,2306.76189690000
0,0,0,COLLIER POCKET PARK,COUNTY OF SAN DIEGO,20,County,25508.88846190000,639.05505755800
0,0,0,COLLIER POCKET PARK II,COUNTY OF SAN DIEGO,20,County,214182.34418799999,1884.16106249000
0,0,0,ADAMS ELEMENTARY,SAN DIEGO UNIFIED SCHOOL DIST,25,School District,207532.80353000000,2588.07365376000
0,0,0,SPRECKELS ELEMENTARY,SAN DIEGO UNIFIED SCHOOL DIST,25,School District,447745.02356800000,2716.53744890000
0,965,815,BLACK MTN RCH COMM PARK,CITY OF SAN DIEGO,10,City,1870059.77096999995,5820.42404925000
0,966,816,PENASQUITOS TOWN CTR PK,CITY OF SAN DIEGO,10,City,83123.53687710001,1811.02447171000
0,968,818,SOUTH VILLAGE PARK,CITY OF SAN DIEGO,10,City,190349.46847500000,2050.78057621000
0,970,820,MOUNTAIN VIEW PARK,CITY OF SAN DIEGO,10,City,178806.37773700000,1778.32883018000
0,972,822,,PRIVATE,500,Private,9696.89439741000,790.09893368800
0,973,823,,CITY OF SAN DIEGO,10,City,14805.50208260000,489.54491429300
0,974,824,,PRIVATE,500,Private,7249.11180878000,348.81735624100
0,975,825,,CITY OF SAN DIEGO,10,City,6736.73094731000,527.88373600100
0,976,826,,STATE OF CALIFORNIA,30,State,21287.70555510000,602.78804998800
0,977,827,,STATE OF CALIFORNIA,30,State,561.35070644600,114.50967314700
0,978,828,,STATE OF CALIFORNIA,30,State,5291.02848819000,396.20486955500
0,979,830,,CITY OF SAN DIEGO,10,City,42957.15449880000,1171.01820310000
0,980,831,,OCEANSIDE UNIFIED SCHOOL DISTRICT,25,School Districts,1316145.28166000010,6899.10778136000
0,981,829,,MILITARY HOUSING - THE VILLAGE,41,Military Reservations,52815.68177270000,975.12133851000
0,0,0,SOUTH LANE PARK,COUNTY OF SAN DIEGO,20,County,401878.63574800000,3214.45933588000
0,0,0,ENCANTO COMMUNITY PARK,CITY OF SAN DIEGO,10,City,35146.50954530000,851.07109520000
0,259,259,MARCY PARK,CITY OF SAN DIEGO,10,City,145882.31443299999,1655.92032944000
0,262,262,MARSHALL PARK,CITY OF OCEANSIDE,10,City,131509.16259600001,1526.80002440000
0,263,263,MAST PARK,CITY OF SANTEE,10,City,640589.04618299997,3644.50078633000
0,264,264,MATHEWSON PARK,CITY OF CORONADO,10,City,45611.31127690000,1039.75631344000
0,265,265,MAYFLOWER DOG PARK,CITY OF ESCONDIDO,10,City,242902.59434499999,2822.24165370000
0,266,266,WASHINGTON PARK,CITY OF ESCONDIDO,10,City,397755.06728299998,2601.57494795000
0,267,267,"MCLEOD, ROD PARK",CITY OF ESCONDIDO,10,City,747595.73267699999,5040.10617988000
0,268,268,MEMORIAL COMMUNITY PARK,CITY OF SAN DIEGO,10,City,782928.03743599996,3743.73629388000
0,270,270,MESA VERDE PARK,CITY OF SAN DIEGO,10,City,204071.52254700000,1842.03913868000
0,272,272,MIRA MESA COMMUNITY PARK,CITY OF SAN DIEGO,10,City,659139.59314600006,3591.25289123000
0,273,273,MISSION BAY PARK,CITY OF SAN DIEGO,10,City,47734.62639760000,1006.07538900000
0,275,275,MISSION BAY PARK,CITY OF SAN DIEGO,10,City,36049.08743360000,1203.26232116000
0,276,276,MISSION BAY PARK,CITY OF SAN DIEGO,10,City,546872.21042100003,4073.90595595000
0,277,277,MISSION BAY PARK,CITY OF SAN DIEGO,10,City,931173.55385699996,22412.80217450000
0,278,278,MISSION BAY PARK,CITY OF SAN DIEGO,10,City,268410.56767000002,4710.26098440000
0,280,280,MISSION BAY PARK,CITY OF SAN DIEGO,10,City,532203.00508000003,3266.17522985000
0,281,281,MISSION BAY PARK,CITY OF SAN DIEGO,10,City,797280.30913700000,9084.05627127000
0,283,283,MISSION BAY PARK,CITY OF SAN DIEGO,10,City,98415.12932610000,3045.94354816000
0,284,284,MISSION BAY PARK,CITY OF SAN DIEGO,10,City,9102.94411281000,794.63758029400
0,285,285,MISSION BAY PARK,CITY OF SAN DIEGO,10,City,15869.79443930000,877.16670012400
0,286,286,MISSION BAY PARK,CITY OF SAN DIEGO,10,City,1698530.34868999990,10415.71630380000
0,287,287,MISSION BAY PARK,CITY OF SAN DIEGO,10,City,2803.06290712000,283.26029041400
0,288,288,MISSION BAY PARK,CITY OF SAN DIEGO,10,City,32824.46032710000,1072.27765596000
0,289,289,MISSION BAY PARK,CITY OF SAN DIEGO,10,City,189514.91179899999,5613.36280692000
0,290,290,MISSION BAY PARK,CITY OF SAN DIEGO,10,City,1099791.83746999991,7844.78703700000
0,291,291,MISSION BAY PARK,CITY OF SAN DIEGO,10,City,198798.11269099999,2202.19660025000
0,293,293,MISSION BAY PARK,CITY OF SAN DIEGO,10,City,1606092.75521000009,6400.26547922000
0,294,294,MISSION BAY PARK,CITY OF SAN DIEGO,10,City,998.98548035600,155.23896377400
0,295,295,MISSION BAY PARK,CITY OF SAN DIEGO,10,City,79596.80124410000,1227.01317604000
0,298,298,MISSION BAY PARK,CITY OF SAN DIEGO,10,City,342651.90660500003,13397.48122120000
0,299,299,MISSION BAY PARK,CITY OF SAN DIEGO,10,City,2418749.76023000013,10929.71032560000
0,300,300,MISSION BAY PARK,CITY OF SAN DIEGO,10,City,899090.77435700002,16723.93935130000
0,301,301,MISSION BAY PARK,CITY OF SAN DIEGO,10,City,13459130.69989999942,65347.01488850000
0,302,302,MISSION BEACH PARK,CITY OF SAN DIEGO,10,City,2400121.85236999998,31764.85063620000
0,303,303,MISSION HEIGHTS PARK,CITY OF SAN DIEGO,10,City,490247.24805200001,3400.87788765000
0,305,305,MISSION HILLS PARK,CITY OF SAN DIEGO,10,City,295857.70149000001,3828.39259738000
0,307,307,MISSION TRAILS REGIONAL PARK,CITY OF LA MESA,10,City,289797.41417100001,2839.21333383000
0,308,308,MISSION TRAILS REGIONAL PARK,CITY OF SAN DIEGO,10,City,480378.88851999998,5357.10753415000
0,311,311,MONTEREY HEIGHTS PARK,CITY OF LEMON GROVE,10,City,208913.03745900001,2203.40825161000
0,312,312,MONTEZUMA PARK,CITY OF SAN DIEGO,10,City,68536.80013620001,1077.33540776000
0,313,313,MONTGOMERY WALLER COMMUNITY PARK,CITY OF SAN DIEGO,10,City,2564281.23802000005,6694.67837436000
0,0,0,UNION PLACE CIRCLE MINI-PARK,CITY OF SAN DIEGO,10,City,6569.90293701000,502.99629821200
0,0,0,AVIARY PARK,CITY OF SAN DIEGO,10,City,98182.66537980000,1303.24418428000
0,0,0,"SESSIONS, K O MEM PK  512",CITY OF SAN DIEGO,10,City,3704.62697536000,248.74446873200
0,0,0,SUNSHINE BERARDINI FIELD,CITY OF SAN DIEGO,10,City,725.21540859700,120.36955781400
0,0,0,SUNSHINE BERARDINI FIELD,CITY OF SAN DIEGO,10,City,33500.95968680000,856.60710362300
0,0,0,TORREY DEL MAR PARK,CITY OF SAN DIEGO,10,City,160181.14793599999,2103.88805970000
0,0,0,CABRILLO S MINI-PARK,CITY OF SAN DIEGO,10,City,5054.02805193000,379.87558118800
0,0,0,CANYON VIEW POCKET PK,CITY OF SAN DIEGO,10,City,65196.89315490000,1272.39275900000
0,0,0,TORREY PINES PARK,CITY OF SAN DIEGO,10,City,541559.74945700006,3438.73618916000
0,0,0,MIRAMAR OVERLOOK PARK,CITY OF SAN DIEGO,10,City,265282.79298999999,3028.19153834000
0,0,0,CARMEL MTN RCH POOL,CITY OF SAN DIEGO,10,City,59101.46781580000,1063.33161523000
0,0,0,CLAY PARK,CITY OF SAN DIEGO,10,City,19328.74763130000,921.31566677400
0,0,0,CITY HTS COMMUNITY PARK,CITY OF SAN DIEGO,10,City,21334.39338080000,843.43505320500
0,0,0,SUNSET CLIFFS PARK,CITY OF SAN DIEGO,10,City,619447.06048500002,14049.73283200000
0,0,0,SUNSHINE BERARDINI FIELD,CITY OF SAN DIEGO,10,City,253504.26913400000,2218.59854437000
0,0,0,DOROTHY PETWAY PARK,CITY OF SAN DIEGO,10,City,118384.64148599999,1913.44203393000
0,0,0,TORREY RCH NBRHD PARK,CITY OF SAN DIEGO,10,City,232561.01324199999,2039.74568004000
0,0,0,SEMILLON MINI-PARK,CITY OF SAN DIEGO,10,City,18964.89392490000,659.14783350100
0,0,0,VIA D NORTE MINI-PARK,CITY OF SAN DIEGO,10,City,15841.28075090000,633.04974111700
0,0,0,CAMPLAND PARK 522,CITY OF SAN DIEGO,10,City,933256.98267800000,5343.43983614000
0,0,0,CITY HTS COMMUNITY PARK,CITY OF SAN DIEGO,10,City,11873.57747200000,678.52957059100
0,0,0,CABRILLO N MINI-PARK,CITY OF SAN DIEGO,10,City,9887.63407498000,528.47611488000
0,0,0,DAVIS HOUSE MINI-PARK,CITY OF SAN DIEGO,10,City,5164.54095200000,307.15290397500
0,0,0,FATHER BROCKHAUS PK ACCES,CITY OF SAN DIEGO,10,City,5148.74299344000,323.33757714600
0,149,149,CLAY PARK,CITY OF SAN DIEGO,10,City,223640.96824700001,2079.89136387000
0,0,0,CARMEL VALLEY COMMUNITY PARK,CITY OF SAN DIEGO,10,City,815638.58926599997,4638.80790537000
0,0,0,BARNETT RANCH PRESERVE,COUNTY OF SAN DIEGO,20,County,39135.78292010000,796.22759656000
0,0,0,EL CAPITAN PRESERVE,COUNTY OF SAN DIEGO,20,County,28489.32996490000,783.38937548400
0,0,0,HELLHOLE CANYON PRESERVE,COUNTY OF SAN DIEGO,20,County,271154.75238399999,2083.70375496000
0,0,0,MT. GOWER PRESERVE,COUNTY OF SAN DIEGO,20,County,306896.18144299998,2192.63924113000
0,0,0,OAKOASIS PRESERVE,COUNTY OF SAN DIEGO,20,County,185946.96307200001,1734.17666473000
0,0,0,SAN ELIJO LAGOON NATURE CENTER,COUNTY OF SAN DIEGO,20,County,24524443.60370000079,55497.23110000000
0,0,0,SANTA YSABEL EAST PRESERVE,COUNTY OF SAN DIEGO,20,County,107274.31491400000,1311.24900326000
0,0,0,SANTA YSABEL EAST PRESERVE,COUNTY OF SAN DIEGO,20,County,144224.81778400001,1520.70808185000
0,0,0,SANTA YSABEL EAST PRESERVE,COUNTY OF SAN DIEGO,20,County,159929.80971800000,1612.60952028000
0,0,0,SANTA YSABEL EAST PRESERVE,COUNTY OF SAN DIEGO,20,County,140292.78805800001,1506.68807509000
0,0,0,SANTA YSABEL EAST PRESERVE,COUNTY OF SAN DIEGO,20,County,207110.83877999999,1828.82480634000
0,0,0,SANTA YSABEL EAST PRESERVE,COUNTY OF SAN DIEGO,20,County,133329.75488800000,1472.89342612000
0,0,0,VOLCAN MOUNTAIN WILDERNESS PRESERVE,COUNTY OF SAN DIEGO,20,County,394511.87505500001,3428.48435599000
0,0,0,SIMON PRESERVE,COUNTY OF SAN DIEGO,20,County,331021.03472900001,2345.18773015000
0,0,0,SIMON PRESERVE,COUNTY OF SAN DIEGO,20,County,54977.09782840000,1012.16550699000
0,0,0,CORAL GATE PARK,CITY OF SAN DIEGO,10,City,130841.34162900000,1459.72947952000
0,0,0,BERRY PARK            733,CITY OF SAN DIEGO,10,City,160792.86000799999,1756.84635042000
0,576908,0,AERIE PARK,COUNTY OF SAN DIEGO,20,County,1787306.54175999993,5361.83273506000
0,0,0,AGUA CALIENTE PARK,STATE OF CALIFORNIA,30,State,2354492.18282999983,6273.12302518000
0,0,0,CAMPO STONE STORE,COUNTY OF SAN DIEGO,20,County,35720.39337320000,855.21445725500
0,0,0,CLEMMENS LANE,COUNTY OF SAN DIEGO,20,County,24352.38499620000,653.31763337700
0,0,0,COTTONWOOD (WINDRIVER) PARK,COUNTY OF SAN DIEGO,20,County,237454.46631799999,2202.30620612000
0,0,0,COLE GRADE PARK,VALLEY CENTER COMMUNITY SERVICES DIST,25,School District,393510.65671100002,3703.53875106000
0,0,0,DAMON LANE PARK,COUNTY OF SAN DIEGO,20,County,1301271.16611999995,5640.78787311000
0,0,0,FELICITA REGIONAL PARK,COUNTY OF SAN DIEGO,20,County,2263495.46343000000,7235.54101504000
0,0,0,GUAJOME REGIONAL PARK,COUNTY OF SAN DIEGO,20,County,2814065.14792999998,9209.96945402000
0,0,0,JESS MARTIN PARK,COUNTY OF SAN DIEGO,20,County,367126.59631599998,3224.68567761000
0,0,0,HILLSDALE PARK,CAJON VALLEY UNION SCHOOL DISTRICT,25,School District,23102.60920270000,618.08884960800
0,601573,0,LAKESIDE SPORTS PARK,COUNTY OF SAN DIEGO,20,County,658558.96022699995,3488.60913495000
0,193983,0,LINCOLN ACRES PARK,COUNTY OF SAN DIEGO,20,County,21032.57743140000,645.93310747600
0,0,0,LONNY BREWER (AVOCADO) PARK,COUNTY OF SAN DIEGO,20,County,228346.27746099999,1997.64650811000
0,0,0,LOS PENASQUITOS ADOBE PRESERVE,COUNTY OF SAN DIEGO,20,County,440340.82709500002,2665.26514726000
0,0,0,OTAY LAKES REGIONAL PARK,COUNTY OF SAN DIEGO,20,County,1916519.50686999992,8007.18004088000
0,0,0,OTAY VALLEY REGIONAL PARK,COUNTY OF SAN DIEGO,20,County,183408.54372600000,1983.21732187000
0,0,0,PINE VALLEY REGIONAL PARK,COUNTY OF SAN DIEGO,20,County,748257.08383300004,3662.98738064000
0,0,0,POTRERO PARK,COUNTY OF SAN DIEGO,20,County,2935713.84132000012,7596.85167160000
0,0,0,QUAIL BOTANICAL GARDENS,COUNTY OF SAN DIEGO,20,County,1233163.32700999989,5154.95070606000
0,0,0,ADAMS COMMUNITY PARK,VALLEY CENTER-PAUMA UNIFIED SCHOOL DIST,25,School District,252942.30694000001,2095.79141518000
0,0,0,STELZER REGIONAL PARK,COUNTY OF SAN DIEGO,20,County,640174.55263699999,4149.23618155000
0,0,0,SWEETWATER LANE SPORTSFILED,COUNTY OF SAN DIEGO,20,County,454169.20645400003,2732.28781982000
0,0,0,SWEETWATER REGIONAL PARK,COUNTY OF SAN DIEGO,20,County,2070992.40357000008,9665.88913790000
0,0,0,SWEETWATER SUMMIT PARK,COUNTY OF SAN DIEGO,20,County,1648563.26014999999,9524.25172972000
0,0,0,VALLECITO STAGE STATION REGIONAL PARK & HISTORIC SITE,COUNTY OF SAN DIEGO,20,County,579378.63060399995,4097.32912145000
0,0,0,VALLEY CENTER COMMUNITY PARK,VALLEY CENTER COMMUNITY SERVICES DIST,29,Other Special,996425.45812700002,4952.59581746000
0,0,0,WHALEY HOUSE COMPLEX,COUNTY OF SAN DIEGO,20,County,22221.52483000000,596.95297847500
0,0,0,WILLIAM HEISE REGIONAL PARK,COUNTY OF SAN DIEGO,20,County,6501423.88255999982,13014.82065710000
0,0,0,WOODHAVEN PARK,COUNTY OF SAN DIEGO,20,County,357779.08818600001,2732.75922261000
0,0,0,EL CAMPO SANTO,CITY OF SAN DIEGO,10,City,12012.54010650000,437.06854915400
0,0,0,WABASH MINI-PARK,CITY OF SAN DIEGO,10,City,5711.36079194000,340.61133801400
0,0,0,SUNSET CLIFFS PARK,CITY OF SAN DIEGO,10,City,2303698.41913999990,10508.39533230000
0,0,0,DEL MAR TRAILS PARK,CITY OF SAN DIEGO,10,City,130660.57123500000,1838.30853885000
0,0,0,MT. GOWER PRESERVE,COUNTY OF SAN DIEGO,20,County,306896.18144299998,2192.63924113000
0,0,0,TIJUANA RIVER VALLEY REGIONAL PARK,COUNTY OF SAN DIEGO,20,County,820485.10216100002,3929.91236677000
0,339,339,OCEANSIDE CITY BEACH,CITY OF OCEANSIDE,10,City,443119.58573200001,11794.28070180000
0,141,141,CHASE FIELD,CITY OF CARLSBAD,10,City,118815.38846800000,1375.49480332000
0,892,742,MOUNT SAN MIGUEL PARK,CITY OF CHULA VISTA,10,City,151542.05862299999,1617.43084936000
0,0,0,PORTER PARK,CITY OF LA MESA,10,City,33476.29004960000,1006.68117264000
0,0,0,EL NORTE,CITY OF ESCONDIDO,10,City,57532.06381410000,1554.35478201000
0,0,0,OCEAN AIR COMMUNITY PARK,CITY OF SAN DIEGO,10,City,744963.96888299996,4353.23507107000
0,0,0,STONEBRIDGE PARK,CITY OF SAN DIEGO,10,City,355291.26415000000,2440.90963149000
0,0,0,TOWN CENTER COMMUNITY PARK,CITY OF SANTEE,10,City,2540876.39412999991,7385.34982760000
0,0,0,EASTLAKE BEACH CLUB,PRIVATE,500,Private,175193.46055300001,2129.13316540000
0,486,486,MARIE WIDMAN MEMORIAL PARK,CITY OF SAN DIEGO,10,City,51196.93254090000,1268.42370589000
0,0,479,WELLS PARK,CITY OF EL CAJON,10,CITY,698534.98678899999,5566.88557131000
0,0,0,HILLSIDE PARK,CITY OF EL CAJON,10,City,969717.72197299998,8238.73575181000
0,0,0,TUNA HARBOR PARK,PORT OF SAN DIEGO,28,PORT OF SAN DIEGO,66903.93455060000,1895.16481937000
0,497,497,,COUNTY OF SAN DIEGO,20,County,410519.55535500002,2868.90044455000
0,0,0,RANCHO GUAJOME ADOBE COUNTY PARK,COUNTY OF SAN DIEGO,20,County,2870764.30902000004,8609.08932658000
0,0,0,CACTUS PARK,COUNTY OF SAN DIEGO,20,County,1448546.61700999993,8017.08701994000
0,504,504,EUCALYPTUS COUNTY PARK,COUNTY OF SAN DIEGO,20,County,294005.57663500000,2530.62173720000
0,0,0,HILTON HEAD PARK,COUNTY OF SAN DIEGO,20,County,431579.41728499997,2684.90431670000
0,0,0,LIVE OAK PARK,COUNTY OF SAN DIEGO,20,County,1171985.56578999991,7975.67395239000
0,502,502,EL MONTE COUNTY PARK,COUNTY OF SAN DIEGO,20,County,1038586.58478000003,5187.11250812000
0,0,0,SAN DIEGUITO REGIONAL PARK,COUNTY OF SAN DIEGO,20,County,4838270.44532999955,10998.54408380000
0,0,0,PALOMAR PARK,COUNTY OF SAN DIEGO,20,County,153831.03874500000,2207.73911486000
0,511,511,LAMAR COUNTY PARK,COUNTY OF SAN DIEGO,20,County,380120.68268799997,3102.13759419000
0,0,0,BARNETT RANCH PRESERVE,COUNTY OF SAN DIEGO,20,County,57897.88684440000,946.99879752500
0,49,49,PERLMAN MINI-PARK,CITY OF SAN DIEGO,10,City,13162.15684940000,458.96154494100
0,417,417,"SESSIONS, KATE O MEMORIAL PARK",CITY OF SAN DIEGO,10,City,748826.45588499994,4108.63223418000
0,151,151,CLIFFRIDGE PARK,CITY OF SAN DIEGO,10,City,261199.43370400000,2388.36673713000
0,292,292,MISSION BAY PARK,CITY OF SAN DIEGO,10,City,791361.58727699996,8599.03421421000
0,207,207,HOLLYWOOD PARK,CITY OF SAN DIEGO,10,City,591012.24116099998,6410.15596990000
0,23,23,CEDAR RIDGE MINI PARK,CITY OF SAN DIEGO,10,City,25004.22809560000,819.76070950100
0,463,463,UNIVERSITY GARDENS PARK,CITY OF SAN DIEGO,10,City,580155.25854299997,2907.19484951000
0,94,94,BALBOA PARK,CITY OF SAN DIEGO,10,City,3326862.70243000006,11750.20615310000
0,26,26,CHOLLAS LAKE COMMUNITY PARK,CITY OF SAN DIEGO,10,City,367693.86310299998,2508.10795221000
0,0,0,MCAULIFFE COMMUNITY PARK,CITY OF SAN DIEGO,10,City,1458556.23267000006,8469.28593272000
0,377,377,PRESIDIO PARK,CITY OF SAN DIEGO,10,City,143523.80005100000,2333.56282783000
0,250,250,LOMITA PARK,CITY OF SAN DIEGO,10,City,180427.04027699999,1920.30947727000
0,113,113,BOONE PARK,CITY OF SAN DIEGO,10,City,192051.54951600000,1777.11685254000
0,337,337,OCEAN BEACH PARK,CITY OF SAN DIEGO,10,City,2385798.66528999992,11942.73967820000
0,0,0,SHELTER ISLAND SHORELINE PARK  (CENTRAL),PORT OF SAN DIEGO,28,PORT OF SAN DIEGO,375053.71685600001,5758.68931871000
0,0,0,SHELTER ISLAND SHORELINE PARK (SOUTH),PORT OF SAN DIEGO,28,PORT OF SAN DIEGO,238949.50143100001,6494.80863807000
0,0,0,SHELTER ISLAND SHORELINE PARK  (NORTH),PORT OF SAN DIEGO,28,PORT OF SAN DIEGO,544661.75232299999,5326.11545334000
0,0,0,CORONADO TIDELANDS PARK,PORT OF SAN DIEGO,28,PORT OF SAN DIEGO,1094406.87232999993,5471.79960729000
0,0,0,CORONADO SKATEPARK,PORT OF SAN DIEGO,28,PORT OF SAN DIEGO,23272.41449970000,839.74720278000
0,0,0,DUNES PARK,PORT OF SAN DIEGO,28,PORT OF SAN DIEGO,51072.69036900000,1025.78899580000
0,0,0,SPANISH LANDING PARK (WEST),PORT OF SAN DIEGO,28,PORT OF SAN DIEGO,368212.31954000000,5567.56170974000
0,0,0,SPANISH LANDING PARK (EAST),PORT OF SAN DIEGO,28,PORT OF SAN DIEGO,411114.75988199998,5105.49362228000
0,0,0,CHULA VISTA BAYSIDE PARK & PIER,PORT OF SAN DIEGO,28,PORT OF SAN DIEGO,418897.12449600000,4725.59891287000
0,0,0,CESAR CHAVEZ PARK,PORT OF SAN DIEGO,28,PORT OF SAN DIEGO,184082.49466999999,1762.73602675000
0,170,170,DEL MAR CITY BEACH,CITY OF DEL MAR,10,City,8884.99946823000,480.20732128400
0,358,358,PARK,CITY OF CORONADO,10,City,97309.23369630000,1900.01688993000
0,138,138,"CARSON, KIT PARK",CITY OF ESCONDIDO,10,City,4522476.09080000035,11209.13101480000
0,375,375,POWAY SPORTSPLEX,CITY OF POWAY,10,City,772583.23172699998,3727.31012858000
0,453,453,"TODD, BUDDY PARK",CITY OF OCEANSIDE,10,City,779065.79378499999,4194.00094078000
0,314,314,MORRO HILLS PARK,CITY OF OCEANSIDE,10,City,440604.28840800002,2721.07341723000
0,60,60,CHILDREN'S PARK,CITY OF SAN MARCOS,10,City,40008.15062740000,838.55128843700
0,212,212,IVEY RANCH PARK,CITY OF OCEANSIDE,10,City,628385.72063800006,3848.66204126000
0,139,139,CENTENNIAL PARK,CITY OF CORONADO,10,City,50850.67332490000,995.36375280700
0,450,450,TIERRASANTA COMMUNITY PARK,CITY OF SAN DIEGO,10,City,806220.05923899997,3730.66398043000
0,452,452,TIJUANA SLOUGH NATIONAL WILDLIFE REFUGE,CITY OF IMPERIAL BEACH,10,City,258175.96810000000,2117.61370073000
0,454,454,TORREY HIGHLANDS PARK,CITY OF SAN DIEGO,10,City,538522.76990600000,6019.90992997000
0,455,455,TORREY HILLS PARK,CITY OF SAN DIEGO,10,City,653127.37744299998,3828.90988094000
0,456,456,TORREY PINES CITY PARK,CITY OF SAN DIEGO,10,City,1112114.88953999989,6159.69359652000
0,457,457,TORREY PINES STATE RESERVE,CITY OF SAN DIEGO,10,City,416026.20165599999,2732.13875192000
0,458,458,TOURMALINE SURFING PARK,CITY OF SAN DIEGO,10,City,348158.11995399999,8973.95921321000
0,459,459,TOWNSITE PARK,CITY OF VISTA,10,City,195089.03396100001,1836.32099176000
0,460,460,TUXEDO PARK,CITY OF SAN DIEGO,10,City,241417.21678399999,2926.43903623000
0,461,461,TWIN TRAILS PARK,CITY OF SAN DIEGO,10,City,291471.80600500002,2438.50112063000
0,462,462,TYSON STREET PARK,CITY OF OCEANSIDE,10,City,459801.83031500003,4785.00643773000
0,464,464,UNIVERSITY VILLAGE PARK,CITY OF SAN DIEGO,10,City,174768.41595200001,1675.23620441000
0,466,466,VALLE VERDE NEIGHBORHOOD PARK,CITY OF POWAY,10,City,215934.54385900000,1870.86971536000
0,467,467,VETERANS PARK,CITY OF IMPERIAL BEACH,10,City,169903.20382900001,1836.47420810000
0,468,468,VETERANS PARK,CITY OF IMPERIAL BEACH,10,City,124931.89268600001,1766.23105431000
0,470,470,VIEWS WEST PARK,CITY OF SAN DIEGO,10,City,847173.67154699995,4171.80492324000
0,471,471,VILLA LA JOLLA PARK,CITY OF SAN DIEGO,10,City,252295.31857400000,2049.11973078000
0,472,472,VILLA MONTSERATE PARK,CITY OF SAN DIEGO,10,City,282575.19675100001,2245.79502556000
0,473,473,VILLA NORTE PARK,CITY OF SAN DIEGO,10,City,228075.20329100001,1971.37614750000
0,475,475,VISTA TERRACE PARK,CITY OF SAN DIEGO,10,City,289273.25997399999,2398.47572441000
0,476,476,VOYAGER PARK,CITY OF CHULA VISTA,10,City,489709.32779800001,3299.02692206000
0,478,478,"WEISS, MANDELL EASTGATE CITY PARK",CITY OF SAN DIEGO,10,City,452136.35838400002,3333.92987029000
0,480,480,WEST HILLS PARK,CITY OF SANTEE,10,City,327606.72163200000,2599.94581836000
0,481,481,WESTERN HILLS PARK,CITY OF SAN DIEGO,10,City,561420.14060599997,3328.16068856000
0,482,482,WESTSIDE PARK,CITY OF ESCONDIDO,10,City,102192.12566000001,1468.07123891000
0,483,483,WESTVIEW PARK,CITY OF SAN DIEGO,10,City,383477.08124099998,2471.55689400000
0,484,484,WHISPERING SANDS BEACH,CITY OF SAN DIEGO,10,City,532898.51715900004,11215.91663850000
0,487,487,MARIE WIDMAN MEMORIAL PARK,CITY OF SAN DIEGO,10,City,82188.66578420000,1126.96918208000
0,488,488,WILDWOOD PARK,CITY OF VISTA,10,City,83391.66364350000,1299.87187584000
0,489,489,"WILLIAMSON, BUB PARK",CITY OF VISTA,10,City,315053.83767099999,2734.17881429000
0,490,490,WINDANSEA BEACH,CITY OF SAN DIEGO,10,City,98028.39493359999,3003.20452676000
0,491,491,WINDWOOD PARK,CITY OF SAN DIEGO,10,City,52233.13204980000,1052.74305174000
0,2,2,LOS ALTOS PARK,CITY OF SAN DIEGO,10,City,448148.96371699998,2677.78653548000
0,153,153,COLINA DEL SOL COMMUNITY PARK,CITY OF SAN DIEGO,10,City,409029.12582999998,2720.34333666000
0,304,304,MISSION HILLS PARK,CITY OF SAN DIEGO,10,City,278458.79244699999,2102.35547778000
0,35,35,SILVER TERRACE MINI-PARK,CITY OF SAN DIEGO,10,City,68304.53919910001,1107.87949220000
0,369,369,PLUMOSA PARK,CITY OF SAN DIEGO,10,City,47744.86440090000,1208.33727316000
0,57,57,,CITY OF SAN DIEGO,10,City,472136.98968300002,3447.31551877000
0,146,146,HORTON PLAZA,CITY OF SAN DIEGO,10,City,19788.65621680000,599.01061609800
0,53,53,,CITY OF SAN DIEGO,10,City,112038.17677700000,2217.21495264000
0,310,310,MONTCLAIR PARK,CITY OF SAN DIEGO,10,City,205002.37493799999,1896.16069123000
0,279,279,MISSION BAY PARK,CITY OF SAN DIEGO,10,City,128548.62814200000,3754.02546725000
0,0,0,KENSINGTON MINI PARK,CITY OF SAN DIEGO,10,City,19780.24998760000,958.48023517700
0,232,232,LA JOLLA STRAND PARK,CITY OF SAN DIEGO,10,City,146974.81246200000,3481.69442787000
0,42,42,,CITY OF SAN DIEGO,10,City,214423.80673000001,4301.94015425000
0,368,368,PENASQUITOS CREEK PARK,CITY OF SAN DIEGO,10,City,266211.03211199999,2119.17086717000
0,3,3,,CITY OF SAN DIEGO,10,City,14551.12585980000,567.19224343000
0,297,297,MISSION BAY PARK,CITY OF SAN DIEGO,10,City,129268.77812700000,1470.06966192000
0,485,485,MARIE WIDMAN MEMORIAL PARK,CITY OF SAN DIEGO,10,City,60410.67038840000,990.20484809500
0,110,110,BIRD ROCK PARK,CITY OF SAN DIEGO,10,City,40225.51771850000,827.51414556300
0,196,196,GRANT HILL PARK,CITY OF SAN DIEGO,10,City,115349.13790800000,1592.37672163000
0,0,0,CHICANO PARK          651,CITY OF SAN DIEGO,10,City,6887.72099887000,439.07318570600
0,184,184,ENCANTO COMMUNITY PARK,CITY OF SAN DIEGO,10,City,132322.76660599999,1439.08478477000
0,433,433,SPRING CANYON PARK,CITY OF SAN DIEGO,10,City,824649.18289199995,6027.10194272000
0,296,296,MISSION BAY PARK,CITY OF SAN DIEGO,10,City,54302.30530100000,899.16176539300
0,86,86,BALBOA PARK,CITY OF SAN DIEGO,10,City,549928.04615399998,4933.25776064000
0,8,8,41ST STREET MINI-PARK,CITY OF SAN DIEGO,10,City,7002.75283518000,380.12197850000
0,282,282,MISSION BAY PARK,CITY OF SAN DIEGO,10,City,388117.84211199998,2562.25299625000
0,271,271,MESA VIKING PARK,CITY OF SAN DIEGO,10,City,288970.21833200002,2195.08351019000
0,39,39,,CITY OF SAN DIEGO,10,City,24288.64412860000,651.89829137100
0,150,150,CLEATOR COMMUNITY PARK,CITY OF SAN DIEGO,10,City,729084.96191700001,5278.99764250000
0,228,228,LA JOLLA COMMUNITY PARK,CITY OF SAN DIEGO,10,City,146122.98131199999,1786.50457640000
0,32,32,PRESIDIO COMMUNITY PARK,CITY OF SAN DIEGO,10,City,136541.20659600000,1874.20505477000
0,0,0,FORESTVIEW MINI-PARK,CITY OF SAN DIEGO,10,City,14292.33927900000,482.63868114600
0,446,446,TECOLOTE COMMUNITY PARK,CITY OF SAN DIEGO,10,City,966509.08881900006,8023.58035339000
0,0,0,NTC PARK,CITY OF SAN DIEGO,10,City,2182768.79461000022,11901.75000780000
0,315,315,MOUNT ACADIA PARK,CITY OF SAN DIEGO,10,City,332902.44458800001,2340.23513922000
0,423,423,SILVERWING PARK,CITY OF SAN DIEGO,10,City,567314.87611700001,3026.80948059000
0,0,0,CHICANO PARK,CITY OF SAN DIEGO,10,City,21277.80729490000,701.97916087100
0,89,89,BALBOA PARK,CITY OF SAN DIEGO,10,City,83595.39351959999,1399.60237406000
0,328,328,NORTH PARK COMMUNITY PARK,CITY OF SAN DIEGO,10,City,376150.46811999998,3229.91427389000
0,164,164,DAILARD PARK,CITY OF SAN DIEGO,10,City,200494.96427299999,1967.00796374000
0,274,274,MISSION BAY PARK,CITY OF SAN DIEGO,10,City,43394.15896860000,739.61534978000
0,443,443,SUNSET PARK,CITY OF LA MESA,10,City,174572.12294100001,3064.58095634000
0,444,444,SWEETWATER HEIGHTS PARK,CITY OF NATIONAL CITY,10,City,98003.46994500000,1387.88268632000
0,448,448,THIBODO PARK,CITY OF VISTA,10,City,381186.81490599999,2430.43252330000
0,115,115,"BOUGHER, HELEN PARK",CITY OF SAN MARCOS,10,City,65300.28526680000,1587.95801965000
0,0,0,GRAND CARIBE SHORELINE PARK,PORT OF SAN DIEGO,28,PORT OF SAN DIEGO,113278.54005000000,2172.65392686000
0,50,50,,CITY OF DEL MAR,10,City,45982.98470170000,961.09511680200
0,173,173,"DENE, JESMOND PARK",CITY OF ESCONDIDO,10,City,291121.97468799999,3002.70267372000
0,474,474,VISTA LA MESA PARK,CITY OF LA MESA,10,City,116844.86028700000,1914.52110977000
0,562,562,EMBARCADERO MARINA PARK SOUTH,PORT OF SAN DIEGO,28,PORT OF SAN DIEGO,16695.97145110000,772.54056619300
0,224,224,KNOB HILL PARK,CITY OF SAN MARCOS,10,City,130287.33657299999,2069.40485375000
0,28,28,FIRE FIGHTERS PARK,CITY OF LEMON GROVE,10,City,13730.55948070000,473.83320080200
0,206,206,HOLIDAY PARK,CITY OF CARLSBAD,10,City,260291.43219100000,2616.65947815000
0,171,171,DEL MAR CITY BEACH,CITY OF DEL MAR,10,City,226510.49718400001,4827.12436851000
0,430,430,SPORTS PARK,CITY OF IMPERIAL BEACH,10,City,133881.82871500001,1463.86878296000
0,396,396,ROSE TEMPLE MEMORIAL PARK,CITY OF IMPERIAL BEACH,10,City,31035.91008090000,714.18361212400
0,0,0,CORONADO FERRY LANDING PARK,PORT OF SAN DIEGO,28,PORT OF SAN DIEGO,156331.05478400001,3776.95979024000
0,0,0,CHULA VISTA BAYFRONT PARK,PORT OF SAN DIEGO,28,PORT OF SAN DIEGO,401512.75345500000,3455.45020358000
0,0,0,CHULA VISTA MARINA VIEW PARK,PORT OF SAN DIEGO,28,PORT OF SAN DIEGO,210625.82682399999,3566.90067115000
0,0,0,HARBOR ISLAND PARK,PORT OF SAN DIEGO,28,PORT OF SAN DIEGO,131138.04342400000,2892.33822990000
0,579,579,"LANE, FRANK PARK",JULIAN COMMUNITY SERVICE DISTRICT,29,Other Special Districts,71027.13341559999,1084.44499608000
0,0,0,PORTWOOD PIER PLAZA,PORT OF SAN DIEGO,28,PORT OF SAN DIEGO,55438.58344530000,1410.21457354000
0,0,0,EMBARCADERO MARINA PARK SOUTH,PORT OF SAN DIEGO,28,PORT OF SAN DIEGO,462863.83512599999,3892.30436699000
0,0,0,EMBARCADERO MARINA PARK NORTH,PORT OF SAN DIEGO,28,PORT OF SAN DIEGO,374046.81549700000,3417.32685951000
0,580,580,SPRING VALLEY COUNTY PARK,SPRING VALLEY PARK&REC  DISTRICT,29,Other Special Districts,266533.10588400002,2107.18602401000
0,581,581,LA JOLLA SHORES BEACH,STATE OF CALIFORNIA,30,State,241205.47379500000,5815.50590005000
0,0,0,DEL MAR MESA NBHD PARK,CITY OF SAN DIEGO,10,City,161788.42321899999,1784.37953013000
0,0,0,PRESIDIO PARK,CITY OF SAN DIEGO,10,City,30082.28180580000,1514.90166854000
0,582,582,,STATE OF CALIFORNIA,30,State,117673.71196600000,1504.93698264000
0,583,583,,STATE OF CALIFORNIA,30,State,82323.54480910000,1110.76649837000
0,584,584,,STATE OF CALIFORNIA,30,State,1492259.71958000003,7327.74850818000
0,585,585,CARDIFF STATE BEACH,STATE OF CALIFORNIA,30,State,993543.65900200000,12577.71755000000
0,589,589,PARK,STATE OF CALIFORNIA,30,State,802570.00282299996,8337.84173416000
0,590,590,SILVER STRAND STATE BEACH,STATE OF CALIFORNIA,30,State,1824753.49270999990,11144.88071040000
0,591,591,TERALTA NEIGHBORHOOD PARK,CALTRANS,31,State (Caltrans),247722.63460300001,3170.98791288000
0,592,592,BORDER FIELD STATE PARK,CALIFORNIA STATE PARKS,32,State Park,1036431.79720999999,4113.56464858000
0,593,593,OLD TOWN SAN DIEGO STATE HISTORIC PARK,CALIFORNIA STATE PARKS,32,State Park,273066.35418199998,2910.36761678000
0,594,594,SOUTH CARLSBAD STATE BEACH,CALIFORNIA STATE PARKS,32,State Park,18699.83786430000,786.79090276300
0,595,595,SOUTH CARLSBAD STATE BEACH,CALIFORNIA STATE PARKS,32,State Park,266605.41416400002,3979.96154925000
0,596,596,TORREY PINES STATE BEACH,CALIFORNIA STATE PARKS,32,State Park,331909.42302799999,7352.30891897000
0,597,597,TORREY PINES STATE RESERVE,CALIFORNIA STATE PARKS,32,State Park,250198.02508799999,2358.89591128000
0,598,598,,U.S. NAVY,41,Military Reservations,315820.22059699998,2290.57273159000
0,599,599,,U.S. MILITARY,41,Military Reservations,609332.55185499997,5119.56783663000
0,600,600,,U.S. NAVY,41,Military Reservations,276723.39654400002,3040.09998550000
0,601,601,,U.S. NAVY,41,Military Reservations,279749.03226100001,2501.31991694000
0,602,602,,U.S. NAVY,41,Military Reservations,322003.71921499999,2333.39300774000
0,492,492,WOODGLEN VISTA PARK,CITY OF SANTEE,10,City,430998.29845599999,2606.70583865000
0,493,493,WOODLAND PARK,CITY OF SAN MARCOS,10,City,1291913.23130999994,7061.92326384000
0,494,494,4-S RANCH,COUNTY OF SAN DIEGO,20,County,1508300.17027999996,11670.86346820000
0,495,495,RAMONA WELLFIELD PARK,COUNTY OF SAN DIEGO,20,County,51283.43374060000,929.95762729700
0,496,496,JULIAN PIONEER MEMORIAL PARK,COUNTY OF SAN DIEGO,20,County,46729.35059660000,866.31214226600
0,498,498,BANCROFT COUNTY PARK,COUNTY OF SAN DIEGO,20,County,191130.05904600001,2345.38753604000
0,500,500,COLLIER COUNTY PARK,COUNTY OF SAN DIEGO,20,County,354976.46908000001,2434.57800029000
0,501,501,DAN DUSSAULT PARK,COUNTY OF SAN DIEGO,20,County,32095.48618000000,833.33737370200
0,503,503,ESTRELLA DRIVE PARK,COUNTY OF SAN DIEGO,20,County,300192.45012599998,2464.42938581000
0,507,507,GOODLAND ACRES COUNTY PARK,COUNTY OF SAN DIEGO,20,County,58593.65096000000,1082.58973095000
0,509,509,HERITAGE PARK,COUNTY OF SAN DIEGO,20,County,231311.23051299999,2032.87050875000
0,510,510,NANCY JANE PARK,COUNTY OF SAN DIEGO,20,County,82004.81683480000,1248.60973663000
0,512,512,LINDO LAKE PARK AND COMMUNITY CENTER,COUNTY OF SAN DIEGO,20,County,1506186.48005999997,15974.62667020000
0,514,514,OLD IRONSIDES COUNTY PARK,COUNTY OF SAN DIEGO,20,County,146646.10478699999,1663.85598429000
0,515,515,RAINBOW PARK,COUNTY OF SAN DIEGO,20,County,189080.14739900001,1869.16991735000
0,516,516,STEELE CANYON COUNTY PARK,COUNTY OF SAN DIEGO,20,County,362032.69343500002,2638.62961013000
0,517,517,,NORTH COUNTY FIRE PROTECTION DISTRICT,24,Fire Districts,159101.35888700001,1615.60952641000
0,518,518,,SOUTH BAY UNION SCHOOL DISTRICT,25,School Districts,279309.27962699998,2241.36096087000
0,519,519,,WEST VIEW SCHOOL,25,School Districts,131298.32196800000,1597.88446253000
0,520,520,,BAYSIDE SCHOOL,25,School Districts,157637.64036799999,1869.76681601000
0,522,522,"GRIFFEN, HARRY PARK",GROSSMONT HIGH SCHOOL,25,School Districts,243725.88899800001,2099.19695377000
0,523,523,,SHADOW MOUNTAIN COMMUNITY CHURCH,500,Private,399765.10864799999,2668.32361001000
0,524,524,,SANTEE SCHOOL DISTRICT,25,School Districts,504198.89669400000,3047.54799700000
0,0,0,DEL PARQUE PARK,COUNTY OF SAN DIEGO,20,County,380633.75975899998,2722.99056730000
0,0,0,DOS PICOS REGIONAL PARK,COUNTY OF SAN DIEGO,20,County,1889788.64168999996,6870.52262365000
0,0,0,FALLBROOK PARK AND COMMUNITY CENTER,COUNTY OF SAN DIEGO,20,County,372325.10404200002,4171.38621310000
0,0,0,ILDICA STREET PARK,COUNTY OF SAN DIEGO,20,County,22238.52998660000,677.62522705100
0,526,526,RIOS CANYON PARK,COUNTY OF SAN DIEGO,20,County,438481.90005000000,2682.45958204000
0,527,527,,RANCHO BERNARDO HIGH SCHOOL,25,School Districts,411083.69119200000,3124.54222077000
0,528,528,,MONTECITO HIGH SCHOOL,25,School Districts,161864.99165499999,1661.73930278000
0,535,535,HIGHWOOD PARK,LA MESA SCHOOL DISTRICT,25,School Districts,397828.74321699998,3255.92833919000
0,536,536,HOURGLASS FIELD COMMUNITY PARK,SAN DIEGO MIRAMAR COLLEGE,25,School Districts,1347862.26472000009,4959.05186519000
0,537,537,JACKSON PARK,MURRAY MANOR SCHOOL,25,School Districts,113266.07345500001,1624.55809723000
0,539,539,SUNSHINE PARK,ROLANDO SCHOOL,25,School Districts,104842.82489000000,1445.74151362000
0,540,540,SWEETWATER REGIONAL PARK,SWEETWATER UNION HIGH DISTRICT,25,School Districts,1293573.35672000004,4569.64978788000
0,541,541,TUTTLE PARK,EMERALD MIDDLE SCHOOL,25,School Districts,528920.14390400006,3313.06768209000
0,542,542,VAN ZANTEN PARK,GREENFIELD MIDDLE SCHOOL,25,School Districts,331802.54672799999,2830.08633762000
0,545,545,"GRIFFEN, HARRY PARK",HELIX WATER DISTRICT,26,Water Districts,2233492.22560000001,9375.62716886000
0,546,546,LAKE JENNINGS,HELIX WATER DISTRICT,26,Water Districts,2499914.48493999988,8633.72451286000
0,547,547,RAMONA COMMUNITY PARK,RAMONA MUNICIPAL WATER DISTRICT,26,Water Districts,3647925.44188999990,12961.13359040000
0,548,548,SANTEE LAKES REGIONAL PARK,PADRE DAM MUNICIPAL WATER DISTRICT,26,Water Districts,14036.77832670000,525.94988562200
0,549,549,SANTEE LAKES REGIONAL PARK,PADRE DAM MUNICIPAL WATER DISTRICT,26,Water Districts,1747396.92127999989,27157.70181500000
0,550,550,SANTEE LAKES REGIONAL PARK,PADRE DAM MUNICIPAL WATER DISTRICT,26,Water Districts,359272.11476299999,6833.27602842000
0,0,0,TUNA HARBOR PARK,PORT OF SAN DIEGO,28,PORT OF SAN DIEGO,141507.69114099999,3253.96777503000
0,59,59,,CITY OF ESCONDIDO,10,City,432718.41498300002,3087.87337312000
0,0,0,PORTWOOD PIER PLAZA,PORT OF SAN DIEGO,28,PORT OF SAN DIEGO,55438.58344530000,1410.21457354000
0,0,0,YACHT CLUB PROMENADE POCKET PARK,PORT OF SAN DIEGO,28,PORT OF SAN DIEGO,21672.58273880000,703.80209856900
0,0,0,STAR PARK,CITY OF CORONADO,10,City,20310.74784410000,505.33459746400
0,0,0,TRIANGLE PARK,CITY OF CORONADO,10,City,14196.02464810000,535.92873237800
0,0,0,VETTER PARK,CITY OF CORONADO,10,City,14314.83764510000,592.69666193100
0,0,0,MINI PARK,CITY OF CHULA VISTA,10,City,21004.83325500000,673.07703172800
0,0,0,ALL SEASONS PARK,CITY OF CHULA VISTA,10,City,198113.76831300001,2676.00232072000
0,0,0,PEDESTRIAN PARK,CITY OF CHULA VISTA,10,City,106322.58205800000,1791.47583462000
0,0,0,RONALD REAGAN COMMUNITY CENTER,CITY OF EL CAJON,10,City,34864.88248310000,773.09607496000
0,0,0,FIRE STATION PARK,CITY OF EL CAJON,10,City,16452.63447560000,982.16355879400
0,0,388,RENETTE PARK,CITY OF EL CAJON,10,CITY,170843.72140400001,2242.58031592000
0,0,359,PRESCOTT PROMENADE PARK,CITY OF EL CAJON,10,CITY,59925.57662610000,1255.84956642000
0,0,220,"KENNEDY, JOHN F PARK",CITY OF EL CAJON,10,CITY,419464.22531200002,3318.01093518000
0,0,114,BOSTONIA PARK,CITY OF EL CAJON,10,CITY,124082.37448600000,2274.98959067000
0,0,0,REINSTRA BALLFIELDS,CITY OF CHULA VISTA,10,City,577733.86600399995,3885.62305811000
0,0,0,SHERWOOD PARK,CITY OF CHULA VISTA,10,City,13222.36783360000,567.21278477400
0,0,0,NORMAN PARK,CITY OF CHULA VISTA,10,City,61570.27304140000,1004.24832183000
0,0,0,HERITAGE PARK,CITY OF CHULA VISTA,10,City,440941.79136199999,4162.30845556000
0,0,0,JACARANDA PARK,PRIVATE,500,Private,52228.55563590000,955.60982553500
0,0,0,DISCOVERY PARK,CITY OF CHULA VISTA,10,City,887746.00125299999,5694.09493639000
0,0,0,TERRA NOVA PARK,CITY OF CHULA VISTA,10,City,358255.47867500002,2445.89395924000
0,0,0,MEMORIAL PARK,CITY OF CHULA VISTA,10,City,349293.41021700000,3067.65870855000
0,0,0,BAY BOULEVARD PARK,CITY OF CHULA VISTA,10,City,62864.01058830000,1129.23045778000
0,0,0,HARBORSIDE PARK,CITY OF CHULA VISTA,10,City,230844.29207900001,1986.13500747000
0,0,0,CONNOLEY PARK,CITY OF CHULA VISTA,10,City,29081.53120510000,904.67295411800
0,0,0,HERITAGE PARK SWIM CLUB,PRIVATE,500,Private,34281.60137030000,775.13040992600
0,0,0,VALLE LINDO PARK,CITY OF CHULA VISTA,10,City,189580.16437300001,2196.98094266000
0,0,0,BONITA LONG CANYON PARK,CITY OF CHULA VISTA,10,City,520683.57235400000,3330.03147497000
0,0,0,CHULA VISTA COMMUNITY PARK,CITY OF CHULA VISTA,10,City,610145.29399399995,3461.41944011000
0,0,0,RANCHO DEL REY SOUTH,CITY OF CHULA VISTA,10,City,243522.97339299999,3593.39479091000
0,0,0,MADISON LANE PARK,PRIVATE,500,Private,65504.84144700000,1074.18073532000
0,0,0,LOS NINOS PARK,CITY OF CHULA VISTA,10,City,218222.98532400001,2385.17126984000
0,0,0,SUNBOW PARK,CITY OF CHULA VISTA,10,City,161799.69160600001,1723.92871170000
0,0,0,RANCHO DEL REY FINGER,CITY OF CHULA VISTA,10,City,30426.86571460000,1122.76517725000
0,0,0,PASEO DEL REY PARK,CITY OF CHULA VISTA,10,City,358862.75762900000,2958.89581557000
0,0,0,INDEPENDENCE PARK,CITY OF CHULA VISTA,10,City,208080.78388999999,3260.78684795000
0,0,0,MARISOL PARK,CITY OF CHULA VISTA,10,City,218337.76817299999,2129.47399125000
0,0,0,MOUNT SAN MIGUEL PARK,CITY OF CHULA VISTA,10,City,857489.59857699997,3708.97061441000
0,0,0,SDG&E EAST,CITY OF CHULA VISTA,10,City,458807.94874700002,4041.59438221000
0,0,0,HOLIDAY ESTATES II PARK,CITY OF CHULA VISTA,10,City,9346.09165487000,387.27245082900
0,0,0,TIFFANY PARK,CITY OF CHULA VISTA,10,City,230011.77756500000,2246.52812789000
0,0,0,PALOMAR PARK,CITY OF CHULA VISTA,10,City,122445.53967400000,1696.62847751000
0,0,0,SANTA VENETIA PARK,CITY OF CHULA VISTA,10,City,334063.31759900000,2326.40524131000
0,603,603,,U.S. MILITARY,41,Military Reservations,90173.88339810001,1205.51098145000
0,604,604,,U.S. MILITARY,41,Military Reservations,329653.95285599999,2727.39290654000
0,605,605,,U.S. MILITARY,41,Military Reservations,224479.20071500001,2226.26098327000
0,606,606,,U.S. MARINE CORPS,41,Military Reservations,59926.46708870000,1158.24026002000
0,607,607,,U.S. MARINE CORPS,41,Military Reservations,570709.80316200003,3295.56190259000
0,608,608,,U.S. MARINE CORPS,41,Military Reservations,652707.82751800003,3575.48708862000
0,609,609,,U.S. MARINE CORPS,41,Military Reservations,570881.11060599994,3070.60348732000
0,610,610,,U.S. MARINE CORPS,41,Military Reservations,76259.13493689999,1224.54994021000
0,611,611,,U.S. MARINE CORPS,41,Military Reservations,313318.93093199999,2650.42054574000
0,612,612,,U.S. MARINE CORPS,41,Military Reservations,61864.13114240000,996.70839051700
0,613,613,,U.S. MARINE CORPS,41,Military Reservations,1428588.31798999989,4797.58010787000
0,614,614,,U.S. MARINE CORPS,41,Military Reservations,386269.34377300000,2563.13210520000
0,615,615,SAN ONOFRE STATE BEACH,U.S. MARINE CORPS,41,Military Reservations,15792423.07410000078,38204.46128890000
0,616,616,SAN ONOFRE STATE BEACH,U.S. MARINE CORPS,41,Military Reservations,512455.74047800002,36240.70664750000
0,617,617,SAN ONOFRE STATE BEACH,U.S. MARINE CORPS,41,Military Reservations,5241621.68370999955,15607.99192730000
0,618,618,SAN ONOFRE STATE BEACH,U.S. MARINE CORPS,41,Military Reservations,1253840.79101999989,12246.17034140000
0,619,619,SAN ONOFRE STATE BEACH,U.S. MARINE CORPS,41,Military Reservations,919868.72049300000,5848.87803261000
0,620,620,SAN ONOFRE STATE BEACH,U.S. MARINE CORPS,41,Military Reservations,2171511.78775000013,7094.42966488000
0,621,621,,BARONA RESERVATION,42,Indian Reservations,915368.06241100002,4925.38485090000
0,622,622,SWEETWATER MARSH NATIONAL WILDLIFE REFUGE,U.S. FISH & WILDLIFE SERVICE,46,US Fish & Wildlife Service,627739.62097699998,3973.89278394000
0,623,623,,PRIVATE,500,Private,140893.96706500000,1820.17762447000
0,624,624,,PRIVATE,500,Private,47193.21235020000,964.79579082800
0,625,625,,PRIVATE,500,Private,106110.74855500000,1257.92592756000
0,626,626,,PRIVATE,500,Private,540123.36617599998,3753.58610878000
0,627,627,,PRIVATE,500,Private,45778.01768220000,886.85621912600
0,628,628,,PRIVATE,500,Private,80288.51664240001,1567.99574840000
0,629,629,TERRACE DRIVE MINI-PARK,CITY OF SAN DIEGO,10,City,51695.14061270000,1070.26112802000
0,630,630,,PRIVATE,500,Private,207186.47354400001,1991.12053584000
0,631,631,,SAN DIEGO REDEVELOPMENT AGENCY,500,Private,50759.49166510000,2147.68978731000
0,632,632,,PRIVATE,500,Private,106592.42135100000,1497.07112910000
0,633,633,,PRIVATE,500,Private,203707.65747400001,2053.65817535000
0,634,634,,PRIVATE,500,Private,209992.35883400001,2025.66889316000
0,635,635,,PRIVATE,500,Private,287633.38171300001,2216.35462344000
0,636,636,,CITY OF SAN DIEGO,10,City,71705.25512560000,2160.37043283000
0,638,638,,PRIVATE,500,Private,62143.31762990000,1084.80049857000
0,639,639,,PRIVATE,500,Private,107408.73020200001,1256.77994465000
0,640,640,,PRIVATE,500,Private,2864.89899724000,270.19214628400
0,643,643,,PRIVATE,500,Private,33132.56364590000,967.11189060200
0,644,644,,PRIVATE,500,Private,46283.87763950000,1655.37080798000
0,645,645,,PRIVATE,500,Private,97624.47664600000,1107.90262070000
0,646,646,,PRIVATE,500,Private,923320.35333800002,3733.76902790000
0,647,647,AUGUSTA PARK,PRIVATE,500,Private,139003.91568500001,1508.45829966000
0,649,649,CEDAR LANE PARK,SDG&E,500,Private,80109.61279299999,1206.98112337000
0,650,650,CHICANO PARK,CALTRANS,31,State (Caltrans),121300.52449800000,1348.12229253000
0,651,651,CHILDRENS POOL BEACH,PRIVATE,500,Private,2.59017061723,10.65468503390
0,653,653,COUNTRYSIDE PARK,PRIVATE,500,Private,56731.81714190000,939.75035199200
0,0,0,ROHR PARK,CITY OF CHULA VISTA,10,City,2609125.82610999979,10149.37116730000
0,0,0,KENSINGTON ROAD PARK,PRIVATE,500,Private,12526.20891190000,441.10698904200
0,0,0,PALM PARK,CITY OF CORONADO,10,City,8782.51326099000,450.15313165600
0,0,0,ROTARY PARK,CITY OF CORONADO,10,City,3692.26379341000,269.84365285300
0,16,0,SANTEE MINI PARK,SANTEE SCHOOL DISTRICT,25,School Districts,243645.29016999999,1991.38431716000
0,0,0,SDG,CITY OF CORONADO,10,City,23370.06224450000,853.00827500800
0,0,23,GLEN PARK,CITY OF ENCINITAS,10,City,207954.53685400001,1945.38374801000
0,0,809,CARDIFF SPORTS PARK,CITY OF ENCINITAS,10,City,421656.08039500000,2598.36052887000
0,0,180,SCOTT VALLEY PARK,CITY OF ENCINITAS,10,City,93654.40961690000,1283.33147011000
0,0,0,CARDIFF SPORTS PARK EXPANSION,CITY OF ENCINITAS,10,City,65907.45699480000,1041.62934227000
0,0,0,LAS VERDES PARK,CITY OF ENCINITAS,10,City,162113.81689500000,2058.44299442000
0,0,105,STONESTEPS BEACH ACCESS,CITY OF ENCINITAS,10,City,5779.15279601000,343.47950374300
0,0,38,MILDRED MACPHERSON PARK,CITY OF ENCINITAS,10,City,43547.25176570000,1053.99841633000
0,0,159,MOONLIGHT PARCELS,STATE OF CALIFORNIA,30,State,149385.98895800000,1879.96169070000
0,0,800,OAK CREST PARK,CITY OF ENCINITAS,10,City,290835.48605200002,4233.31595078000
0,0,59,WIRO PARK,CITY OF ENCINITAS,10,City,45408.10100200000,959.90450296200
0,0,173,LEUCADIA ROADSIDE PARK,CITY OF ENCINITAS,10,City,7962.72100573000,373.71226884800
0,0,751,LEO MULLEN SPORTS PARK,CITY OF ENCINITAS,10,City,267967.79349299998,2641.87129853000
0,0,0,LAS VERDES PARK,CITY OF ENCINITAS,10,City,65422.27081900000,1137.06426712000
0,0,0,CANNON PARK,PRIVATE,500,Private,92900.77505349999,1224.86441603000
0,0,0,SWIM COMPLEX,CITY OF CARLSBAD,10,City,87329.55789980000,1281.64663677000
0,0,0,POINSETTIA PARK,CITY OF CARLSBAD,10,City,1837131.53194999998,6764.73154488000
0,0,0,CADENCIA PARK,CITY OF CARLSBAD,10,City,175212.06417800000,1728.95686682000
0,0,0,AVIARA OAKS SCHOOL FIELD,CITY OF CARLSBAD,10,City,205371.17465800000,1949.08205481000
0,0,0,DOG PARK,CITY OF CARLSBAD,10,City,51876.58862930000,1103.32544575000
0,0,0,HIDDEN CANYON PARK,CITY OF CARLSBAD,10,City,903418.16411200003,5754.12742538000
0,0,0,SKATE PARK,CITY OF CARLSBAD,10,City,326010.92311300000,3197.63639614000
0,0,0,CALAVERA PARK,CITY OF CARLSBAD,10,City,763846.14482299995,3929.53554707000
0,0,0,,PRIVATE,500,Private,27766.58775340000,843.28101023000
0,438,438,STARRIDGE NEIGHBORHOOD PARK,POWAY,10,City,1126562.63627999998,4621.35809594000
0,0,0,LEO CARRILLO HISTORIC PARK,CITY OF CARLSBAD,10,City,1192799.05899999989,5204.85027292000
0,0,0,LA COSTA CANYON PARK,CITY OF CARLSBAD,10,City,639591.62742799998,3713.62548874000
0,0,0,MAXTON BROWN PARK,CITY OF CARLSBAD,10,City,41084.87306030000,894.09989020800
0,374,374,POWAY COMMUNITY PARK,POWAY,10,City,947553.59988300002,4975.45934553000
0,0,0,LEVANTE PARK,CITY OF CARLSBAD,10,City,183433.84213800001,1913.43268497000
0,0,0,CARLSBAD HIGH SCHOOL,CITY OF CARLSBAD,10,City,1270308.73047000007,5141.03118886000
0,0,0,ROTARY PARK,PRIVATE,500,Private,34524.30958120000,975.43461866700
0,0,0,FUERTE PARK,CITY OF CARLSBAD,10,City,159675.36930300001,1707.06230466000
0,0,0,,CITY OF CARLSBAD,10,City,74741.72227990000,1455.58518974000
0,340,340,OLD POWAY PARK & RAILROAD,POWAY,10,City,213986.30755100001,1916.75805184000
0,238,238,LAKE POWAY PARK,POWAY,10,City,1070517.49754999997,4960.60326682000
0,0,0,MAGNOLIA ATHLETIC FIELD,CITY OF CARLSBAD,10,City,356333.11335599999,2671.79736465000
0,0,0,SUNSET PARK,CITY OF SAN MARCOS,10,City,742905.27225499996,3750.04768764000
0,0,0,WALNUT GROVE BARN & PARK,CITY OF SAN MARCOS,10,City,1673865.60544999992,6346.35780795000
0,0,0,CERRO DE LAS POSAS PARK,CITY OF SAN MARCOS,10,City,502968.93914199999,2918.25490823000
0,0,0,SANTA FE HILLS PARK,CITY OF SAN MARCOS,10,City,43741.33995760000,840.20166180600
0,0,0,CREEK VIEW PARK,CITY OF SAN MARCOS,10,City,41981.13622210000,1041.51452211000
0,0,0,GREG ROGERS SKATE PARK,PRIVATE,500,Private,371930.17482700001,2595.78784053000
0,0,0,MAGNOLIA HILL PARK,PRIVATE,500,Private,37178.51610800000,836.53559127800
0,0,0,WISTERIA PARK,PRIVATE,500,Private,36228.19241100000,753.17248192400
0,0,0,BONITAS HACIENDAS MINI-PARK,PRIVATE,500,Private,59416.47530360000,1562.94045020000
0,0,0,OTAY GYM & REC CENTER,CITY OF CHULA VISTA,10,City,63819.27999920000,1055.04801131000
0,0,0,GAYLE L MCCANDLISS PARK,CITY OF CHULA VISTA,10,City,68672.14455470000,1127.58770670000
0,0,0,CIRCLE PARK,PRIVATE,500,Private,33626.92243210000,650.28048724200
0,0,0,FUTURE PARK 4,PRIVATE,500,Private,43999.26583500000,824.33672715000
0,0,0,SDG&E West,CITY OF CHULA VISTA,10,City,395368.88702500000,3090.54431840000
0,0,0,LOMA VERDE PARK,CITY OF CHULA VISTA,10,City,270444.01906700002,2785.10291160000
0,0,0,EUCALYPTUS PARK,CITY OF CHULA VISTA,10,City,857211.52778600005,4344.49683313000
0,0,0,SUNRIDGE PARK,CITY OF CHULA VISTA,10,City,184748.45470400000,1900.38545780000
0,0,0,EXPLORER PARK,CITY OF CHULA VISTA,10,City,241630.71810000000,2546.97663057000
0,0,0,HILLTOP PARK,CITY OF CHULA VISTA,10,City,410292.23282799998,4387.85348727000
0,0,0,CHULA VISTA WOMEN'S CLUB,CITY OF CHULA VISTA,10,City,15005.95125970000,490.73850170900
0,0,0,HOLIDAY ESTATES I PARK,CITY OF CHULA VISTA,10,City,10829.11257490000,410.86470417400
0,0,0,LANCERLOT PARK,CITY OF CHULA VISTA,10,City,6775.04517705000,339.22749577500
0,0,0,DOLPHIN BEACH CLUB,PRIVATE,500,Private,143833.62822300001,1613.30591490000
0,0,0,OTAY PARK,CITY OF CHULA VISTA,10,City,185348.70757299999,1833.12827485000
0,0,0,THE BREEZEWAY,CITY OF CHULA VISTA,10,City,26200.87494620000,668.14818475200
0,0,0,EASTLAKE III PARK,CITY OF CHULA VISTA,10,City,1892435.38032000000,7681.18209444000
0,0,0,FUTURE PARK 3,CITY OF CHULA VISTA,10,City,130560.75659500000,1809.99193370000
0,0,0,COBBLESTONE PARK,PRIVATE,500,Private,31591.70993280000,790.06168320200
0,0,0,GREG ROGERS PARK,CITY OF CHULA VISTA,10,City,1160874.14510000008,4774.92286881000
0,0,0,SHOREBIRD PARK,PRIVATE,500,Private,22875.78561260000,661.53204260100
0,0,0,SCOBEE PARK,PRIVATE,500,Private,318463.67648800003,3489.75201193000
0,0,0,BREEZEWOOD PARK,CITY OF CHULA VISTA,10,City,92668.65319790000,1302.73433074000
0,0,0,LOUIS C. BANDEL PARK,CITY OF CORONADO,10,City,8797.52605930000,443.28194707000
0,18,0,CRONAN PARK,CITY OF CORONADO,10,City,3472.00112647000,248.77602020500
0,0,0,BUTTERFLY PARK,CITY OF NATIONAL CITY,10,City,73485.49200210000,1637.30698024000
0,0,0,CASA DE SALUD,CITY OF NATIONAL CITY,10,City,5664.64408368000,330.07210693800
0,0,0,MORGAN SQUARE FOUNTAIN,CITY OF NATIONAL CITY,10,City,9237.10880224000,390.93006634700
0,241,241,LAS PALMAS PARK,CITY OF NATIONAL CITY,10,City,825037.01392399997,3832.52809949000
0,6,6,PARADISE CREEK EDUCATIONAL PARK,CITY OF NATIONAL CITY,10,City,89625.39140750001,1354.29544867000
0,221,221,KIMBALL PARK,CITY OF NATIONAL CITY,10,City,1145641.68045999995,4899.88215372000
0,0,0,PEPPER PARK,PORT OF SAN DIEGO,28,PORT OF SAN DIEGO,257817.34325800001,2189.79643533000
0,0,0,STEIN FAMILY FARM,CITY OF NATIONAL CITY,10,City,69892.18090820000,1122.37409716000
0,0,0,SWEETWATER REGIONAL PARK,COUNTY OF SAN DIEGO,25,County,1830803.24729000009,7760.57197184000
0,203,203,HILLEARY PARK,POWAY,10,City,472004.33639200003,3597.93312258000
0,77,77,ARBOLITOS SPORT FIELDS,POWAY,10,City,233097.64995600001,2309.71002321000
0,0,187,BEACON'S BEACH,STATE OF CALIFORNIA,30,State,95079.53114850000,1454.16722780000
0,0,195,LITTLE OAKS EQUESTRIAN PARK,CITY OF ENCINITAS,10,City,76386.03268829999,1671.14761847000
0,0,802,D STREET BEACH ACCESS,CITY OF ENCINITAS,10,City,9738.52306288000,418.87836457000
0,0,747,GRANDVIEW BEACH,STATE OF CALIFORNIA,30,State,31803.20014250000,1291.42016315000
0,0,170,I STREET VIEWPOINT,CITY OF ENCINITAS,10,City,6485.85236348000,355.04614013600
0,0,203,HAWK VIEW PARK,CITY OF ENCINITAS,10,City,80552.36427200001,1688.00181626000
0,0,0,SAN ELIJO STATE BEACH,STATE OF CALIFORNIA,30,State,1724622.59789999994,15191.43252250000
0,0,806,SWAMI'S BEACH PARK,CITY OF ENCINITAS,10,City,74077.77408420001,1242.75745447000
0,0,205,ENCINITAS VIEWPOINT,CITY OF ENCINITAS,10,City,110154.20271400000,1415.50460815000
0,0,803,H STREET VIEWPOINT,CITY OF ENCINITAS,10,City,4647.75048100000,277.62388841700
0,0,0,SWAMI'S BLUFF PARCEL N,CITY OF ENCINITAS,10,City,4685.86646372000,273.89196145100
0,0,110,ORPHEUS PARK,CITY OF ENCINITAS,10,City,121688.72259700000,1619.09519547000
0,0,753,SUN VISTA PARK,CITY OF ENCINITAS,10,City,225521.02649700001,2028.60557531000
0,0,171,J STREET VIEWPOINT,CITY OF ENCINITAS,10,City,17000.29476960000,597.17058472500
0,0,775,MOONLIGHT BEACH,STATE OF CALIFORNIA,30,State,410854.37017900002,3091.77480669000
0,0,96,LEUCADIA OAKS PARK,CITY OF ENCINITAS,10,City,114363.36029800000,1377.41765984000
0,0,736,COTTONWOOD CREEK PARK,CITY OF ENCINITAS,10,City,350451.58912999998,2919.14971298000
